,,,3,4,5,6,7,1,2,3,4,5,6,7,1,2,3,4,5,6,7,1,2,3,4,5,6,7,1,2,3,4,5,6,7,1,2,3,4,5,6,7,1,2,3,4,5,6,7,1,2,3,4,5,6,7,1,2,3,4,5,6,7,1,2,3,4,5,6,7,1,2,3,4,5,6,7,1,2,3,4,5,6,7,1,2,3,4,5,6,7,1,2,3,4,5,6,7,1,2,3,4,5,6,7,1,2,3,4,5,6,7,1,2,3,4,5,6,7,1,2,3,4,5,6,7,1,2,3,4,5,6,7,1,2,3,4,5,6,7,1,2,3,4,5,6,7,1,2,3,4,5,6,7,1,2,3,4,5,6,7,1,2,3,4,5,6,7,1,2,3,4,5,6,7,1,2,3,4,5,6,7,1,2,3,4,5,,,,
,,,,,,,,,,,,,,,,,,,,,,,,,,,,,,,,,,,,,,,,,,,,,,,,,,,,,,,,,,,,,,,,,,,,,,,,,,,,,,,,,,,,,,,,,,,,,,,,,,,,,,,,,,,,,,,,,,,,,,,,,,,,,,,,,,,,,,,,,,,,,,,,,,,,,,,,,,,,,,,,,,,,,,,,,,,,,,,,,,,,,,,,,,,,,,,
,,,511,512,513,514,515,516,517,518,519,520,521,522,523,524,525,526,527,528,529,530,531,601,602,603,604,605,606,607,608,609,610,611,612,613,614,615,616,617,618,619,620,621,622,623,624,625,626,627,628,629,630,701,702,703,704,705,706,707,708,709,710,711,712,713,714,715,716,717,718,719,720,721,722,723,724,725,726,727,728,729,730,731,801,802,803,804,805,806,807,808,809,810,811,812,813,814,815,816,817,818,819,820,821,822,823,824,825,826,827,828,829,830,831,901,902,903,904,905,906,907,908,909,910,911,912,913,914,915,916,917,918,919,920,921,922,923,924,925,926,927,928,929,930,1001,1002,1003,1004,1005,1006,1007,1008,1009,1010,1011,1012,1013,1014,1015,1016,1017,1018,1019,1020,1021,1022,1023,1024,1025,1026,1027,1028,1029,1030,1031,1101,1102,1103,1104,1105,1106,1107,1108,1109,1110,1111,,,,
0_2,click,0,0,0,0,0,0,0,0,0,0,11202,10817,10336,10079,11227,11438,11062,9359,9636,9267,9219,10231,10272,9486,9586,9972,10099,10656,10317,9205,9198,8861,9260,8267,10018,9563,10594,10810,16690,12553,9809,9368,9543,10470,10331,11053,15895,28135,16739,14069,9144,7386,7374,8292,7546,7840,7565,7536,6895,7687,7932,7715,8410,8252,7528,8108,9138,8927,8720,9136,8344,7887,8240,9598,9515,9233,8718,9470,7541,7986,8993,8598,9141,9486,8033,8163,7753,8232,8563,9002,8342,8125,7904,7849,9171,8491,9647,10315,9508,9002,8495,10219,10745,10780,12100,10738,10233,10119,11330,13062,17829,10898,10180,10769,11143,11503,12760,12705,12808,12999,13175,13787,17138,12769,11451,11493,11622,12834,11506,11035,10081,10003,10493,11724,12045,13768,13077,14003,15626,13721,12370,12313,12827,11087,11911,12395,12812,12727,12472,13448,14588,14543,13869,13782,13662,14318,14522,16422,16794,18123,18246,18498,18609,17960,18969,18378,18572,19608,19819,20311,21205,22644,22610,37737,39484,48730,52314,53248,52626,55630,59870,64192,71575,101064,246950,627796,,,female,male
,cart,1,6,4,5,8,4,3,3,3,6,3,3,2,4,2,6,4,7,2,9,1,0,1,2,6,9,3,5,0,0,4,4,2,4,4,0,2,7,5,2,4,3,3,5,3,1,6,2,8,5,5,3,2,2,8,4,2,5,1,4,1,5,5,8,4,1,8,6,1,2,6,4,6,4,5,2,2,3,1,4,3,4,6,4,4,2,3,7,0,2,5,1,2,5,5,13,5,12,3,3,4,7,3,8,8,3,3,9,4,7,7,9,3,9,7,1,5,8,8,6,12,8,10,12,17,7,4,6,12,2,7,9,5,6,9,2,10,12,12,10,11,14,7,9,6,13,10,7,5,10,7,15,15,6,7,12,13,9,11,20,13,16,37,23,26,18,11,21,24,18,27,24,31,95,88,106,93,112,94,129,141,165,168,209,617,714,,<18,18,6
,purchase,2,614,702,592,601,571,574,527,515,532,582,591,620,519,556,535,588,458,566,468,442,468,473,495,491,474,512,515,504,396,461,402,441,419,529,453,477,431,1190,687,526,487,456,401,381,435,349,1146,699,608,467,360,444,463,408,460,437,385,462,504,480,436,424,382,398,425,522,514,471,502,447,368,413,529,507,519,463,504,385,401,446,452,431,586,478,456,463,445,427,436,454,427,419,415,527,523,513,496,522,445,379,519,473,502,602,508,496,478,594,557,835,566,578,634,727,644,781,720,751,781,725,814,1400,813,752,638,579,722,631,709,562,503,523,660,714,739,844,812,872,776,674,657,625,600,596,635,633,701,717,880,839,971,829,843,877,955,900,1039,941,1073,1026,1063,983,1006,1080,973,1015,1054,979,859,1015,965,949,896,770,790,784,756,818,888,987,869,858,944,1608,81677,,18-24,33692,18309
,favourite,3,1123,1052,1028,945,1008,941,912,955,995,1047,881,913,1010,1099,1048,1035,854,916,883,886,951,869,878,890,939,904,873,867,834,867,861,890,785,950,944,981,993,1123,958,854,814,976,1146,995,1129,1351,1716,1321,1071,828,663,797,789,709,786,653,750,711,775,717,721,843,875,751,815,836,811,862,823,843,780,901,944,880,907,808,956,689,748,921,823,988,911,780,851,800,866,976,884,930,886,899,910,1047,815,1031,1071,969,1016,1076,1116,1152,1206,1216,1239,1171,1100,1367,1492,1453,1240,1120,1133,1237,1286,1320,1456,1359,1546,1589,1500,1456,1289,1301,1280,1191,1231,1195,1277,1087,1192,1203,1277,1292,1342,1378,1487,1691,1560,1505,1533,1285,1205,1457,1493,1565,1356,1414,1515,1655,1565,1598,1637,1628,1574,1540,1913,1932,2120,2218,2303,2257,2134,2171,2285,2468,2481,2529,2763,2813,2859,3161,5010,4996,5945,6867,6059,5861,6207,6652,7249,8138,10120,18296,17583,,25-29,74609,33217
,,,,,,,,,,,,,,,,,,,,,,,,,,,,,,,,,,,,,,,,,,,,,,,,,,,,,,,,,,,,,,,,,,,,,,,,,,,,,,,,,,,,,,,,,,,,,,,,,,,,,,,,,,,,,,,,,,,,,,,,,,,,,,,,,,,,,,,,,,,,,,,,,,,,,,,,,,,,,,,,,,,,,,,,,,,,,,,,,,,,,,,,,,,,,30-34,52032,23708
0_3,click,0,0,0,0,0,0,0,0,0,0,37041,38506,40958,37367,35968,32423,30383,33898,36145,34421,31175,31715,29640,27132,34475,34914,34376,35769,33812,30582,29367,24694,24290,22902,32909,30837,28488,30688,60522,44370,36856,35907,33434,32666,32103,41034,50965,106639,61668,53272,26777,23583,29112,28525,29442,27697,26397,22446,21517,27834,28834,28230,26856,25930,22799,23575,31512,29092,29994,30784,25623,23083,22776,33183,30989,29597,29677,25775,21855,20749,27627,26420,27303,26684,23439,20981,20256,24941,27029,26206,25987,25067,21755,23574,29254,28966,29650,29834,27848,24062,22921,29007,30252,31376,36469,29355,25504,27355,33774,36755,56183,33739,32965,26900,29210,37439,37236,38972,42505,38033,33754,34828,61552,39430,36604,35252,33658,28762,28757,35335,33883,30625,23417,28515,32539,41657,44871,45977,49292,44482,41023,33520,36343,30977,26971,25189,27528,28049,28745,33294,37332,44899,43355,40531,40452,36837,33400,46159,48598,53080,52468,51032,43216,44321,57759,55333,55021,55695,55636,46737,49013,64113,62915,98146,100939,106941,106622,110254,135226,146138,157825,162762,179672,221020,565785,1728379,,35-39,27823,11462
,cart,1,6,14,8,18,13,13,14,9,9,15,15,7,8,13,15,8,5,13,11,17,6,4,10,12,10,15,7,11,11,6,10,18,1,9,6,15,14,22,17,16,19,6,15,21,11,25,28,29,21,6,11,18,7,6,13,10,13,15,8,7,4,11,9,19,11,15,6,9,15,14,20,14,19,5,17,17,13,16,4,17,9,12,9,13,11,13,13,17,13,8,7,21,14,8,13,11,23,16,25,13,16,13,8,18,17,10,16,25,27,34,16,20,8,20,18,16,27,21,16,12,18,30,14,13,38,19,14,19,22,21,22,26,22,17,34,31,42,35,31,37,29,24,17,20,17,25,30,18,19,36,23,18,36,30,37,25,30,33,61,48,46,40,63,55,66,58,52,49,57,61,67,68,204,237,260,306,373,335,375,470,396,469,681,1679,2096,,40-50,25160,9745
,purchase,2,1786,1951,2357,2329,2194,2275,1877,1568,1401,2147,2274,2494,2225,2090,1823,1750,1970,2125,2162,1768,1705,1668,1491,1910,2154,2048,2014,1941,1699,1500,1379,1238,1223,1842,1590,1487,1435,4883,2546,1954,1855,1678,1492,1310,1761,1317,5195,2657,2664,1472,1372,1721,1776,1906,1907,1651,1432,1304,2204,1812,1926,1680,1670,1350,1437,2082,1747,1861,2288,1585,1336,1300,2118,1927,1858,1850,1727,1321,1375,1611,1672,1823,1883,1529,1312,1329,1653,1865,1659,1585,1670,1387,1467,2021,2055,1809,1806,1642,1454,1411,1976,1758,1736,2100,1608,1255,1675,2042,1892,3153,1948,2020,1622,1799,2191,2212,2338,2519,2355,1942,2005,5770,2537,2338,1959,2004,1595,1652,2263,2018,1613,1345,1510,1766,2206,2635,2769,3512,2778,2552,2094,2007,1767,1559,1356,1693,1636,1824,1929,2330,2749,2775,2744,2809,2326,2136,3097,2835,3440,3157,3229,2528,2589,3718,3272,3283,2923,3182,2438,2491,3318,2890,2876,2458,2326,1861,2031,2432,2726,2584,2480,2092,2030,3104,224906,,>50,5491,2568
,favourite,3,2468,2325,2494,2569,2764,2535,2325,2358,2166,2543,2582,2556,2340,2323,2392,2273,2274,2259,2329,2027,2191,2037,2181,2427,2296,2249,2371,2220,2210,2051,1848,1854,1902,2590,2517,2478,2706,2893,2457,2407,2548,2440,2600,2751,3142,3536,4529,3373,2903,1999,1666,1955,2104,2039,2023,1921,1775,1742,1963,2016,2033,2064,1929,1968,1855,2163,2201,2303,2097,1962,1760,1915,2253,2158,2230,2101,1927,1750,1680,2086,1969,2093,1842,1951,1708,1686,2033,2060,2166,2196,2213,1953,2188,2385,2175,2348,2336,2210,2169,2116,2342,2549,2934,2918,2799,2300,2433,2876,2966,3412,2805,2648,2529,2667,3351,3354,3404,3616,3503,3346,3891,4187,3169,3102,3111,2720,2582,2734,3083,2811,2643,2401,2847,3103,3271,3520,3828,4005,3539,3384,3219,3034,2759,2778,2710,2733,2540,2819,3178,3587,4094,3756,3635,3627,3272,3334,4137,4441,4902,5307,4684,4546,4512,5288,5688,5840,5645,5334,5271,5463,6614,6588,9869,9498,11112,11942,11967,12577,13970,14998,15367,17144,20539,36705,34822,,,,
,,,,,,,,,,,,,,,,,,,,,,,,,,,,,,,,,,,,,,,,,,,,,,,,,,,,,,,,,,,,,,,,,,,,,,,,,,,,,,,,,,,,,,,,,,,,,,,,,,,,,,,,,,,,,,,,,,,,,,,,,,,,,,,,,,,,,,,,,,,,,,,,,,,,,,,,,,,,,,,,,,,,,,,,,,,,,,,,,,,,,,,,,,,,,,,
0_4,click,0,0,0,0,0,0,0,0,0,0,32353,33926,39758,36503,33285,25402,25256,30836,30202,28502,27638,25943,22693,20545,26577,29399,27205,28197,26677,26129,23993,17920,18915,17395,26421,26214,23400,24482,53092,37963,30072,28549,27138,25620,24388,31722,39669,82588,49069,42423,20725,18266,23419,23125,23774,22453,20748,17038,16038,21243,24006,24073,23707,21873,18182,15367,29355,25815,24252,25803,19416,17845,18483,30487,25438,24605,26176,20975,15596,15597,22702,23428,21973,21597,18348,15552,14788,20726,22700,22196,19705,20548,16159,17513,23089,24908,24662,23954,22073,16696,16743,24459,23727,24487,28181,23662,18335,22814,26003,28927,46763,26921,24761,21526,20404,29571,29470,31193,32296,30408,24914,24875,53382,29856,28265,26748,24848,19160,19103,25901,25457,23956,16246,19107,21245,29986,34636,33577,41164,33176,30663,23212,27774,25275,18635,18772,18391,20927,20268,24320,26426,34672,31705,31919,30641,28117,22341,36189,35909,39498,39650,37675,29483,27781,45271,39655,40048,40714,43619,31628,30789,47376,45607,70277,69846,70593,62905,70033,92268,95776,106186,109568,123364,144509,361576,1261358,,,,
,cart,1,8,6,14,20,10,7,8,7,4,10,9,12,12,7,9,11,10,9,12,7,8,10,7,9,6,5,6,7,8,11,8,4,6,12,13,9,12,19,13,9,8,6,15,9,10,17,21,19,6,9,2,6,5,6,10,10,2,8,4,7,9,8,8,11,11,5,7,13,17,7,12,9,12,6,12,9,5,8,20,12,8,7,8,9,18,10,11,14,9,10,9,11,13,12,15,11,7,9,6,8,10,5,11,9,13,6,14,14,18,39,12,16,6,13,17,17,13,19,19,13,19,28,19,13,23,22,23,14,14,13,14,11,12,15,25,18,17,22,19,25,31,16,17,18,12,19,13,9,28,21,13,18,15,27,15,16,16,11,36,30,36,25,33,29,40,25,54,30,35,33,37,54,148,147,153,195,215,219,252,342,299,390,445,1039,1474,,,,
,purchase,2,1547,1635,2247,2227,2102,2120,1835,1467,1471,2079,2196,2567,2581,2332,1767,1656,2071,2012,1908,1878,1709,1508,1407,1768,1912,1752,1814,1734,1633,1330,1086,1107,1094,1596,1588,1320,1238,4999,2421,1833,1607,1558,1265,1047,1532,1412,4662,2565,2328,1169,1179,1596,1624,1838,1700,1436,1207,1213,1648,1738,1819,1681,1424,1198,1113,2257,1841,1636,2202,1290,1064,1128,1944,1769,1695,1685,1472,1094,1136,1655,1664,1553,1698,1327,1055,1047,1525,1806,1605,1356,1412,1082,1171,1713,1903,1523,1503,1513,1088,1308,1820,1614,1587,1949,1511,1207,1549,1959,1676,2911,1845,1694,1589,1533,2009,2215,2152,2219,2049,1657,1674,5706,2243,2027,1712,1749,1274,1330,2054,1735,1616,1053,1178,1369,1841,2375,2147,3605,2508,2236,1685,1839,1541,1201,1286,1229,1429,1491,1744,1829,2584,2525,2291,2386,1939,1636,2624,2482,2882,2815,2852,2029,1833,3301,2574,2597,2572,2795,1855,1829,2685,2256,2650,2090,1964,1405,1525,2382,2174,2223,1980,1718,1464,2125,178272,,,,
,favourite,3,1618,1600,1753,1879,1833,1675,1749,1583,1463,1727,1791,2002,1797,1816,1558,1652,1669,1684,1628,1616,1422,1366,1323,1468,1653,1560,1506,1366,1536,1344,1164,1265,1282,1695,1816,1707,1890,2129,1792,1658,1738,1681,1915,1753,1938,2303,2908,2096,1781,1319,1126,1318,1385,1327,1447,1329,1134,1196,1193,1401,1340,1468,1437,1221,1184,1655,1534,1446,1476,1337,1162,1270,1510,1440,1446,1337,1278,1182,996,1315,1456,1419,1326,1159,1130,1105,1397,1328,1427,1335,1466,1230,1287,1705,1539,1539,1548,1437,1411,1392,1549,1648,1803,1900,1682,1461,1660,1913,2051,2327,1813,1686,1615,1674,2246,2162,2307,2381,2227,2157,2345,2767,2029,2037,2127,1718,1657,1644,1903,1804,1745,1448,1842,2085,2000,2616,2494,2607,2308,2094,2022,2010,2012,1637,1617,1719,1609,1704,1966,2083,2518,2588,2368,2401,2251,2114,2682,2765,3032,3342,3249,2822,2729,3651,3530,3585,3680,3248,3261,3296,3875,3949,6043,5822,6333,6681,7023,7316,7377,8779,8728,10521,12152,22369,20497,,,,
,,,,,,,,,,,,,,,,,,,,,,,,,,,,,,,,,,,,,,,,,,,,,,,,,,,,,,,,,,,,,,,,,,,,,,,,,,,,,,,,,,,,,,,,,,,,,,,,,,,,,,,,,,,,,,,,,,,,,,,,,,,,,,,,,,,,,,,,,,,,,,,,,,,,,,,,,,,,,,,,,,,,,,,,,,,,,,,,,,,,,,,,,,,,,,,
0_5,click,0,0,0,0,0,0,0,0,0,0,20984,21990,22770,22720,19423,15663,15308,18889,19363,19070,17985,16043,13308,12569,17318,17752,17860,17541,16989,16026,15477,12484,11323,10412,16018,15944,14218,14108,30749,21822,16929,18549,17158,13869,14792,19798,22162,51565,28330,24252,11281,11100,14258,13731,14520,12570,13118,9319,9789,11923,13717,13566,14069,12524,10654,9483,16149,14384,13624,15300,12218,9274,10955,18885,16057,14378,14037,12788,9152,8825,13062,13486,11819,12326,11565,8711,8651,12368,12079,12283,11338,11393,9128,8774,13380,13857,13707,14027,12593,9937,9641,14147,13812,13715,17148,13499,10379,13421,15112,15187,24500,15172,14515,11730,12417,15601,16279,19295,19274,18115,14987,14390,29895,18838,17134,16512,15406,11671,11759,17713,16662,15270,9789,11866,13094,17959,20074,20485,23911,21443,18162,13487,17331,14486,10257,10560,11133,10795,13409,14830,15438,20846,21402,19717,18176,16772,13078,21358,21980,23294,22892,23245,17575,16929,26291,23964,24175,24008,25763,18278,17684,26414,27761,39968,37389,39710,36111,35707,48449,50354,54355,59005,69064,79566,179314,653840,,,,
,cart,1,7,10,5,5,3,10,9,7,4,4,6,8,7,7,9,9,9,3,9,5,0,2,4,5,2,2,6,6,5,7,2,1,3,1,3,8,7,14,6,7,5,10,3,6,17,8,9,10,8,12,7,8,4,9,5,4,4,7,3,4,7,6,2,6,5,3,7,5,4,6,5,7,2,2,6,6,2,1,5,5,5,10,6,9,5,4,0,1,7,7,5,1,6,10,4,6,5,4,11,9,6,4,4,5,3,8,3,7,12,4,9,10,10,14,9,10,17,20,14,14,8,17,12,13,10,11,7,4,5,7,6,12,7,5,9,10,16,8,15,15,6,8,13,5,11,7,12,5,18,12,16,16,10,8,10,8,23,28,16,26,14,12,17,30,18,21,17,26,24,22,36,40,72,100,82,77,104,145,148,176,179,222,268,653,827,,,,
,favourite,2,892,892,1355,1212,1228,1150,1208,859,760,1297,1368,1449,1742,1235,1050,850,1168,1282,1078,1253,1058,799,788,1083,1124,1108,1056,981,808,867,627,588,532,845,925,758,707,2771,1309,1048,974,1022,653,554,1013,708,2948,1362,1299,598,669,872,803,1091,872,836,579,675,876,971,995,916,768,714,613,1232,910,863,1251,712,540,524,1255,995,943,852,794,596,591,880,908,804,950,771,573,599,849,912,764,753,718,585,605,934,1076,805,782,873,605,662,963,833,798,1181,887,610,721,1046,869,1541,957,973,839,839,1096,1147,1333,1257,1133,926,841,3208,1353,1164,914,1004,683,654,1313,1087,1008,570,656,714,1053,1345,1265,1920,1469,1229,943,1097,833,647,591,731,741,817,878,1002,1496,1661,1356,1400,1035,803,1574,1496,1605,1509,1712,1118,1102,1861,1398,1448,1415,1617,1011,997,1415,1426,1694,1240,1153,857,803,1419,1199,1235,1082,1037,836,1096,93902,,,,
,purchase,3,804,809,910,1005,1048,971,935,746,814,1055,880,1049,962,953,883,872,902,920,912,876,727,685,735,801,862,813,864,817,775,760,710,638,661,908,975,878,935,1114,933,877,973,866,930,990,1020,1237,1562,1089,1031,659,591,761,709,636,619,635,564,575,618,607,661,681,676,551,601,748,707,752,795,698,650,769,920,709,825,764,672,611,673,748,741,643,626,630,508,522,620,647,678,692,630,596,621,737,655,724,795,716,705,663,767,831,892,901,782,757,812,958,903,1041,932,869,879,818,1132,1060,1172,1283,1129,1155,1154,1446,1084,1004,1032,964,911,808,1022,986,920,738,881,1032,1068,1236,1214,1293,1305,1190,1073,1017,897,820,784,885,737,930,995,1179,1461,1267,1244,1174,1114,960,1319,1423,1450,1663,1667,1517,1452,1739,1764,1717,1801,1742,1618,1677,2049,1990,2824,2629,2832,3286,3477,3210,3503,3884,4290,4810,5805,10306,9947,,,,
,,,,,,,,,,,,,,,,,,,,,,,,,,,,,,,,,,,,,,,,,,,,,,,,,,,,,,,,,,,,,,,,,,,,,,,,,,,,,,,,,,,,,,,,,,,,,,,,,,,,,,,,,,,,,,,,,,,,,,,,,,,,,,,,,,,,,,,,,,,,,,,,,,,,,,,,,,,,,,,,,,,,,,,,,,,,,,,,,,,,,,,,,,,,,,,
0_6,click,0,0,0,0,0,0,0,0,0,0,19108,20623,20544,19942,17573,16245,15931,18850,19238,18188,16490,16619,15377,14041,16094,17541,16774,16124,16226,14834,16255,13168,12616,11168,14952,14831,14426,13470,22078,20440,16270,16359,17212,15654,14785,18546,22267,45347,26549,24347,13190,11200,13438,13313,13292,13519,11772,10594,11017,12350,13368,13049,13133,12956,10973,11772,15533,13336,14140,14607,12419,10752,11715,16963,15983,12949,13453,11846,10528,10357,13277,13794,12242,12651,11246,9887,9965,10971,12255,11608,11173,11868,9688,9987,13598,13776,13262,13883,12586,10233,9729,13815,13804,14813,15783,12921,10523,10738,14750,16250,28327,14259,13174,12336,12437,15399,15576,16907,17570,16406,15070,14967,26335,17607,15591,16462,15035,13163,12193,15102,14459,13614,10349,12402,14013,17915,19597,17848,19556,18910,17807,14880,16410,14512,12410,12372,12424,12255,14055,15252,16774,20212,19894,18177,16777,16218,14343,21403,20040,21025,20722,20904,16703,18609,24410,21944,21711,22717,23700,19715,19731,26986,25892,36699,35846,37237,38041,39804,46032,48948,52328,57240,64612,79578,174954,551333,,,,
,cart,1,2,6,10,8,7,3,6,5,4,9,6,7,10,6,5,9,5,11,6,6,5,2,3,12,3,4,5,7,7,3,4,2,3,10,12,6,3,11,6,4,6,7,5,7,9,17,18,8,9,7,8,4,12,4,8,4,3,8,5,8,3,3,7,4,4,2,5,13,4,7,6,5,4,1,2,1,1,4,9,0,7,5,5,1,6,9,5,7,6,9,2,3,4,4,2,9,3,4,3,7,9,5,5,8,9,4,6,4,8,11,8,10,5,9,2,12,5,14,13,16,7,13,9,5,1,13,7,15,8,9,9,5,8,2,13,13,10,15,21,10,7,11,5,3,12,3,14,7,12,14,10,8,12,15,17,13,21,11,22,18,23,15,20,18,25,16,25,22,15,43,32,31,82,71,104,105,109,116,114,157,160,197,292,578,716,,,,
,favourite,2,692,850,1035,1088,994,983,908,767,704,947,1011,1100,1160,988,905,865,970,1067,1011,845,821,760,673,804,856,886,759,814,646,737,626,562,507,708,671,667,636,1706,1141,767,706,722,659,487,749,592,2338,1292,1196,537,613,731,709,860,770,651,508,591,737,752,807,768,658,566,586,944,745,727,984,658,438,594,925,889,786,745,695,517,541,801,761,619,824,637,510,564,599,772,691,619,678,480,485,798,908,713,691,585,501,557,872,741,760,965,628,588,590,875,651,1455,761,761,681,699,824,900,984,1021,877,776,709,2494,1015,891,764,832,600,649,962,750,703,501,678,542,820,1058,986,1270,1185,1023,815,873,705,585,647,676,702,760,738,873,1235,1276,1171,1085,810,750,1331,1160,1224,1228,1281,1023,984,1626,1247,1269,1149,1250,881,907,1279,1163,1375,1043,924,754,799,1123,1063,1094,1008,932,873,1173,76863,,,,
,purchase,3,860,813,923,919,903,935,921,875,827,918,929,985,993,947,928,963,918,975,954,861,817,944,865,792,918,897,780,774,840,828,735,762,723,999,917,852,838,912,869,841,725,921,943,975,987,1246,1398,1029,872,684,702,692,735,629,722,604,613,629,686,757,648,735,799,633,668,776,719,695,677,709,686,667,744,822,627,730,630,624,642,680,676,661,669,616,554,600,674,641,624,658,693,639,700,723,632,768,702,680,666,663,683,798,922,988,829,714,802,848,943,1197,753,738,833,790,956,968,1056,1161,1109,1130,1168,1320,1034,978,963,941,907,927,929,931,838,900,947,1009,1118,1222,1153,1080,1023,1075,934,993,962,820,790,833,813,986,1121,1162,1331,1260,991,1188,1048,990,1249,1257,1404,1466,1499,1294,1408,1746,1620,1572,1619,1464,1681,1539,1890,1839,2442,2589,2843,3452,2997,2705,3234,3518,3959,4565,5680,9495,9614,,,,
,,,,,,,,,,,,,,,,,,,,,,,,,,,,,,,,,,,,,,,,,,,,,,,,,,,,,,,,,,,,,,,,,,,,,,,,,,,,,,,,,,,,,,,,,,,,,,,,,,,,,,,,,,,,,,,,,,,,,,,,,,,,,,,,,,,,,,,,,,,,,,,,,,,,,,,,,,,,,,,,,,,,,,,,,,,,,,,,,,,,,,,,,,,,,,,
0_7_8,click,0,0,0,0,0,0,0,0,0,0,3353,3799,3950,3544,2935,3355,3473,3663,3863,3690,3468,3025,2821,2987,3323,3472,3554,3142,3096,3073,3414,3177,2695,2359,2979,3235,2813,3227,4283,5189,3477,4019,3497,3275,3531,4393,5146,10933,5969,6493,2746,2733,2915,2888,2843,3003,2509,2291,2300,2470,3218,2645,2638,2554,2069,2445,3203,2646,2603,2908,2308,2499,2723,3440,3319,2865,2755,2572,2348,2409,2943,2730,3007,3009,2505,1934,2098,2582,2995,2291,2408,2349,2395,2328,2687,3152,3326,2851,2737,2093,2399,2681,2814,2919,3717,2770,2764,2512,3094,3132,5345,2846,2745,2358,2529,3243,3003,3566,3319,3461,2958,3106,4993,3579,3208,3128,3280,3247,2557,2939,2909,3062,2176,2793,3364,3992,4230,4124,4532,4016,3271,3225,3353,3184,2495,2357,2413,2858,3006,3241,3708,3995,3661,3313,3566,3305,3035,4159,3865,4182,4115,3871,3880,3609,4455,4625,5344,4736,4349,4037,4483,4716,4876,7298,7400,8270,7861,9459,10097,10596,11838,13012,13418,17425,39554,123305,,,,
,cart,1,0,0,1,2,0,4,0,0,0,1,2,4,4,0,0,1,0,1,0,0,1,0,1,0,1,2,0,2,1,2,1,0,1,6,0,1,0,0,3,1,1,1,1,0,1,1,1,2,2,0,1,0,0,3,2,0,2,1,1,0,0,0,0,0,2,1,3,0,1,1,0,0,2,1,0,1,1,3,1,4,2,2,1,1,0,2,2,1,5,2,4,0,1,0,7,1,2,2,2,2,1,0,2,1,6,2,0,0,1,1,0,0,0,0,3,0,0,3,0,1,1,3,2,1,1,2,1,3,0,1,1,1,1,0,2,1,0,1,2,5,5,0,2,0,1,3,2,4,3,3,2,4,2,4,1,3,2,1,3,3,3,6,5,6,2,4,4,4,6,6,3,3,15,22,24,24,26,28,31,20,26,33,48,133,113,,,,
,favourite,2,163,140,173,184,156,152,134,131,107,153,171,201,182,164,130,169,186,207,166,160,126,130,142,139,151,119,138,140,135,123,136,128,118,131,158,124,138,296,237,194,133,154,105,121,146,95,477,267,236,120,113,106,130,137,149,149,112,112,142,183,153,161,132,90,96,181,111,147,188,113,75,132,195,160,130,119,138,81,92,136,152,139,166,106,114,78,117,162,105,97,109,105,119,140,183,151,121,131,118,131,146,168,150,186,124,94,120,139,103,270,130,159,136,139,132,140,202,188,160,122,131,357,200,156,143,152,124,111,167,117,165,105,124,135,158,195,198,268,197,203,121,178,125,155,107,133,121,140,162,174,228,195,183,158,140,172,234,200,225,203,227,148,177,275,214,257,229,196,122,169,235,217,211,185,147,141,155,187,174,182,184,164,171,205,15799,,,,
,purchase,3,172,168,177,214,196,220,155,215,193,150,153,191,166,250,212,207,227,217,194,193,182,159,173,146,177,197,172,171,193,188,149,121,123,174,210,174,190,185,176,169,237,215,255,339,268,306,329,256,222,150,146,154,164,137,138,162,109,107,154,173,131,153,161,146,169,159,148,145,156,156,161,144,173,168,171,168,134,143,127,118,192,145,133,162,113,133,162,173,117,160,143,153,160,192,151,221,180,185,126,131,175,192,180,240,189,180,225,250,203,227,186,179,162,183,254,218,232,236,239,254,293,274,221,228,258,218,282,221,180,170,188,172,228,206,239,259,277,261,283,198,252,204,234,169,220,199,156,212,224,283,307,269,269,266,231,242,253,282,298,319,297,306,322,304,358,305,344,382,328,365,324,408,509,531,574,898,795,727,767,786,856,949,1137,1904,2015,,,,
,,,,,,,,,,,,,,,,,,,,,,,,,,,,,,,,,,,,,,,,,,,,,,,,,,,,,,,,,,,,,,,,,,,,,,,,,,,,,,,,,,,,,,,,,,,,,,,,,,,,,,,,,,,,,,,,,,,,,,,,,,,,,,,,,,,,,,,,,,,,,,,,,,,,,,,,,,,,,,,,,,,,,,,,,,,,,,,,,,,,,,,,,,,,,,,
1_2,click,0,0,0,0,0,0,0,0,0,0,3225,3312,3359,3212,3140,3369,3268,2783,2797,2626,2529,2639,2846,2999,2723,3096,2347,3130,2838,2746,4371,2959,2569,2338,3905,2920,3065,3205,4326,4877,2850,2607,2589,2906,2462,2874,3492,6650,3796,3791,2208,2233,2494,2071,2496,2305,2061,2270,2173,2216,2370,2403,2211,2312,2427,2329,2713,2650,2728,2767,2766,2342,2306,2387,2957,2612,2713,2451,2251,2330,2462,2861,2728,2754,2315,2249,2162,2490,2441,2632,2732,2361,2689,2554,2771,3762,7475,4020,3580,3539,2925,3047,2910,3255,4138,3113,3247,3218,3164,3463,5106,3164,3314,3758,4045,3924,4399,4137,4173,4442,4597,4276,4648,4127,3608,3773,3275,4166,3925,3291,3119,3123,3187,3633,3779,3674,4298,4072,4523,4211,3993,3652,3799,4138,3982,4596,4321,4132,4236,4860,5395,4593,4960,4428,4202,4516,4710,4534,5644,6638,5912,6136,6142,6219,6263,5479,5906,5455,6335,6684,8238,7382,7406,10497,11064,12859,16130,17016,16960,17226,18150,18717,24053,34240,100153,334834,,,,
,cart,1,4,1,4,5,4,2,0,3,2,2,2,3,4,2,5,1,3,3,4,3,2,1,10,3,3,3,3,0,1,5,1,5,5,1,3,1,0,1,1,4,0,2,2,1,1,3,3,0,1,2,0,2,2,0,2,2,8,0,3,4,3,2,3,1,3,1,4,6,1,8,2,1,5,1,0,3,3,1,4,7,3,3,3,2,6,3,1,3,2,6,3,4,1,3,5,3,9,6,9,1,5,1,5,3,1,2,5,8,5,13,12,4,12,8,3,1,6,15,6,4,7,3,5,5,3,9,1,7,10,5,1,3,3,8,11,21,2,1,11,9,11,6,8,14,2,8,6,5,9,10,11,10,11,14,3,11,4,10,11,12,8,18,8,20,9,27,11,12,15,18,10,15,45,63,42,71,65,99,101,121,153,104,189,586,539,,,,
,purchase,2,214,275,255,315,248,243,223,221,220,270,297,279,239,262,226,240,262,231,220,219,222,216,254,246,234,217,240,155,187,225,224,188,202,237,250,222,230,423,373,246,193,190,184,167,189,152,429,259,269,175,204,205,164,220,175,183,194,210,196,197,207,181,176,233,186,223,189,187,246,202,182,197,196,198,187,190,172,190,202,173,238,227,222,168,185,189,282,186,193,191,176,237,237,239,238,218,218,221,200,250,257,227,237,304,219,245,240,299,260,359,261,337,313,385,388,349,310,366,382,386,366,433,374,296,298,278,283,300,275,279,222,222,261,317,321,371,289,345,316,266,284,250,277,288,311,320,319,302,360,441,413,412,353,383,413,419,364,445,487,422,497,418,486,436,404,400,372,332,398,457,401,383,409,269,331,303,365,377,436,342,342,348,399,715,40799,,,,
,favourite,3,242,208,174,216,191,160,163,187,139,201,189,216,181,146,183,203,169,172,152,168,222,174,187,197,136,132,184,180,184,162,162,193,165,216,208,170,284,231,217,159,199,133,210,198,183,256,239,201,159,149,143,112,125,134,123,112,151,176,149,173,118,139,151,145,139,162,183,160,176,155,116,109,151,191,157,190,166,182,145,159,160,183,161,131,156,123,133,152,171,171,138,158,140,150,153,214,233,174,201,178,167,185,207,198,245,169,203,188,215,274,199,162,206,237,227,216,253,299,271,321,282,285,210,267,239,197,239,235,216,197,190,175,263,267,231,272,295,388,290,286,277,336,283,239,378,295,258,295,287,408,324,340,275,334,305,327,335,434,390,419,476,464,463,461,425,427,514,430,569,631,655,575,942,972,1301,1402,1543,1431,1378,1571,1776,2150,2470,5588,5154,,,,
,,,,,,,,,,,,,,,,,,,,,,,,,,,,,,,,,,,,,,,,,,,,,,,,,,,,,,,,,,,,,,,,,,,,,,,,,,,,,,,,,,,,,,,,,,,,,,,,,,,,,,,,,,,,,,,,,,,,,,,,,,,,,,,,,,,,,,,,,,,,,,,,,,,,,,,,,,,,,,,,,,,,,,,,,,,,,,,,,,,,,,,,,,,,,,,
1_3,click,0,0,0,0,0,0,0,0,0,0,10024,10648,11742,10393,9555,9321,8858,10135,10151,9814,8807,8032,8093,7967,9674,9280,9286,10001,8554,8467,8983,7697,6878,6906,8650,8840,8836,9528,16644,16591,9586,8683,8140,8980,9018,9933,12978,27909,15439,16282,7010,7319,8171,8233,8356,7969,7092,6297,6984,7781,8251,7442,7621,7059,6830,7125,9162,8701,8055,9054,6976,6677,6887,8005,8275,8412,8177,7412,6307,6528,7561,7666,7492,7731,6710,6250,6167,6851,7059,7433,7722,7048,6247,6922,8440,9678,12010,9967,8709,8708,9252,8080,8627,9061,10522,9981,8229,7893,9218,9959,15266,8968,8853,7858,9060,10087,10947,10713,11961,10724,10176,10987,15357,10446,10477,10184,9680,8761,8500,10133,9440,8404,7060,8708,9980,11891,12283,12219,14183,12729,11715,10295,10810,9120,9188,8513,8753,8791,9882,10378,12429,12505,12008,11948,11391,11212,11305,13270,13730,18103,15102,14465,13724,13877,16549,15657,15118,15512,15500,15116,15107,17932,18538,28088,27937,29277,30955,35013,38862,42577,44568,47142,53449,68199,207902,757809,,,,
,cart,1,1,4,3,6,5,7,2,4,9,8,3,8,5,6,12,7,12,4,2,13,3,6,5,9,7,5,7,4,9,4,3,7,9,4,4,4,14,11,5,11,11,7,6,6,7,6,18,5,14,6,3,4,6,15,5,7,1,4,6,3,8,3,3,4,6,7,1,4,4,12,4,10,2,11,7,17,6,6,8,6,12,1,2,3,4,12,3,12,9,4,7,6,11,1,5,12,7,2,7,3,4,3,9,8,6,6,9,9,10,15,10,9,8,9,11,6,17,21,17,14,15,14,16,9,17,8,18,6,9,10,7,8,12,10,15,11,11,19,9,16,14,11,3,9,5,18,14,6,15,18,18,13,15,9,19,16,19,24,22,33,33,38,24,31,16,37,24,18,29,25,42,35,114,109,160,144,160,218,198,212,247,208,364,996,1202,,,,
,purchase,2,588,677,854,720,712,648,640,562,593,700,838,866,785,687,726,698,716,828,740,623,597,655,580,759,615,702,724,619,561,572,458,436,501,523,524,494,541,1421,1093,770,584,577,499,533,548,485,1436,849,952,488,569,564,620,610,689,526,449,570,700,648,688,709,561,487,582,647,685,662,701,544,431,479,644,587,648,606,538,482,494,536,563,596,595,509,522,469,656,583,670,594,507,482,501,643,661,595,635,554,503,713,695,663,632,690,480,540,600,728,579,997,620,610,552,654,750,779,770,860,831,684,735,1484,837,802,711,628,592,611,748,641,588,526,633,641,799,868,837,1154,907,808,761,647,556,546,546,572,635,714,775,915,964,874,904,874,822,837,958,980,1147,1051,1219,894,997,1190,1062,1039,980,949,873,919,1032,934,922,807,796,662,776,862,833,886,733,690,752,1113,89559,,,,
,favourite,3,385,490,505,489,434,518,444,448,387,455,492,446,470,439,477,373,487,467,442,356,423,289,368,450,401,424,493,541,389,337,388,370,385,572,563,484,643,623,473,430,393,441,516,562,518,726,834,587,601,336,352,352,370,453,348,354,350,302,363,365,326,338,294,356,363,422,428,366,466,382,314,250,431,384,372,339,383,298,315,385,371,355,366,343,311,302,396,341,393,355,345,338,337,444,387,392,422,375,428,377,411,513,427,510,532,384,414,590,555,598,562,514,481,517,629,665,603,662,570,601,718,912,566,613,609,569,488,487,562,522,441,369,450,544,630,694,674,655,692,630,594,579,607,468,552,543,497,611,614,753,779,764,692,702,743,702,809,831,1003,982,907,868,942,989,994,1095,1141,1062,1027,1051,1347,1312,2034,2106,2237,2809,2732,2785,3276,3243,3559,4200,5039,10371,9061,,,,
,,,,,,,,,,,,,,,,,,,,,,,,,,,,,,,,,,,,,,,,,,,,,,,,,,,,,,,,,,,,,,,,,,,,,,,,,,,,,,,,,,,,,,,,,,,,,,,,,,,,,,,,,,,,,,,,,,,,,,,,,,,,,,,,,,,,,,,,,,,,,,,,,,,,,,,,,,,,,,,,,,,,,,,,,,,,,,,,,,,,,,,,,,,,,,,
1_4,click,0,0,0,0,0,0,0,0,0,0,11001,11581,13674,12196,11693,8856,8754,10274,9814,10448,8961,8072,8581,7378,9269,8983,8860,9250,8402,7824,8696,6428,7102,5979,9159,8912,7767,9253,19477,17336,9874,8960,8638,8203,9100,10490,12021,26942,16641,14174,7630,6706,7550,7994,7770,8217,6982,6181,6318,7033,7836,8099,8134,7195,6939,6140,9232,8062,8110,9891,6719,5728,6529,9876,8063,8195,8119,7012,5994,5351,7473,6988,7272,6994,5918,5621,5450,6943,8103,7687,6812,6449,6150,6301,7556,8925,11417,9444,8234,6835,6591,8087,7680,8546,9580,7939,6848,8182,9080,9762,14727,8760,8001,7489,8628,9387,9217,10263,10706,10248,8957,9073,18053,10292,9491,8761,8528,7094,7143,9071,8287,7368,5794,6884,8148,9515,12338,10269,13339,11379,10439,8534,9087,8694,6730,6905,6688,7056,8198,8864,9413,10730,11402,10435,10050,9602,8479,12104,11707,13727,13622,12536,10791,11155,15207,14757,15091,14626,15233,12171,12107,15401,15676,22601,22691,25298,23761,27062,33549,32084,36941,36732,42240,53550,149481,586430,,,,
,cart,1,2,5,4,4,6,6,5,3,3,4,6,2,8,3,2,2,8,3,3,0,4,1,8,5,5,1,2,4,2,3,4,2,4,1,2,3,6,11,8,7,5,3,6,0,4,6,7,5,4,10,5,4,1,3,3,5,3,7,2,4,4,8,7,1,3,0,2,3,5,5,2,5,4,5,8,3,5,10,1,6,2,1,3,11,3,6,3,5,3,3,9,6,3,6,4,6,10,9,1,1,7,14,2,10,10,2,2,3,6,0,4,12,3,7,9,5,8,13,8,6,11,11,4,13,8,3,8,5,1,8,6,3,4,4,4,7,6,8,13,7,6,11,6,13,10,11,9,8,7,13,12,10,14,14,7,17,13,21,7,9,14,9,16,22,17,14,18,29,13,23,24,28,53,67,73,77,102,119,138,133,153,140,245,678,836,,,,
,purchase,2,591,654,771,754,840,731,700,515,605,759,800,996,986,788,661,643,728,725,687,643,592,633,624,653,652,691,668,590,471,579,459,376,437,573,559,521,486,1902,967,666,606,611,436,471,631,526,1632,919,854,502,437,555,619,675,729,538,462,467,679,624,723,693,502,499,457,805,675,659,839,541,376,506,681,641,674,653,482,496,472,591,536,519,649,470,446,442,604,603,654,542,494,446,520,615,724,566,603,583,445,615,656,580,614,702,525,484,652,744,652,917,706,577,549,661,621,755,706,809,691,559,646,1927,870,718,637,631,511,522,761,640,504,410,473,537,650,867,728,1209,913,778,600,600,547,439,496,506,566,593,643,780,891,994,792,814,767,622,909,928,1072,1008,1143,780,751,1119,965,1015,869,1084,767,817,966,832,991,788,722,559,631,869,785,751,637,613,602,910,74013,,,,
,favourite,3,372,399,455,491,531,459,422,429,454,418,532,509,461,424,403,348,385,373,415,340,353,344,328,360,345,392,378,316,323,364,276,297,279,512,520,507,561,662,506,394,377,441,490,458,487,601,671,481,399,307,292,365,312,325,306,305,317,368,326,345,361,328,347,321,357,435,411,414,414,369,306,224,347,386,355,362,316,307,295,356,351,335,351,304,292,309,351,337,380,287,325,320,323,364,395,405,424,364,325,343,418,397,450,470,445,412,452,426,487,490,388,431,388,487,522,505,585,587,557,650,649,790,519,506,542,445,386,419,401,486,354,370,454,520,485,662,596,651,581,547,467,576,484,400,423,416,394,467,590,557,593,690,552,580,493,513,613,721,744,910,785,771,664,867,960,971,818,899,877,882,1054,1088,1479,1553,1851,2109,2123,2295,2247,2351,2632,3049,3559,7335,6682,,,,
,,,,,,,,,,,,,,,,,,,,,,,,,,,,,,,,,,,,,,,,,,,,,,,,,,,,,,,,,,,,,,,,,,,,,,,,,,,,,,,,,,,,,,,,,,,,,,,,,,,,,,,,,,,,,,,,,,,,,,,,,,,,,,,,,,,,,,,,,,,,,,,,,,,,,,,,,,,,,,,,,,,,,,,,,,,,,,,,,,,,,,,,,,,,,,,
1_5,click,0,0,0,0,0,0,0,0,0,0,6007,5355,6604,5715,5651,4267,4362,5032,5067,5065,5064,4321,3763,3932,4521,4709,4469,4624,4848,3987,4133,3773,3696,3144,4249,4195,3991,4223,9577,7645,4655,4516,4138,3607,3589,4896,5935,12427,7712,6507,3020,2828,3421,3734,3718,3977,3746,2747,3049,3532,3469,3316,3413,3455,3031,3002,4827,4277,4032,4198,3296,2634,2628,4647,3768,3537,4019,3582,2969,2944,3252,3307,3533,3393,2904,2961,2397,2995,3566,3280,3445,3268,2586,2659,3990,3682,4810,4245,4207,2879,2698,3407,3441,4000,3995,3433,2930,3923,3646,4027,6477,3772,4192,3261,3613,4440,4403,4968,5184,4431,4455,4631,8641,4780,4492,3980,4303,3022,3406,4684,3743,3732,2906,3372,3846,4492,5774,4903,5892,5005,4726,3990,4799,3894,3259,3557,3358,3468,3999,4213,5104,6476,5478,5097,4817,4816,4282,6199,5257,6769,6233,6498,5393,5698,7236,6970,6372,7116,6833,5424,6302,7556,7446,10975,10430,11462,10864,10591,14133,14577,15615,18333,19131,24778,63280,258294,,,,
,cart,1,1,3,2,1,1,4,1,6,2,7,1,0,2,1,4,1,4,2,1,6,1,9,4,3,2,3,0,3,6,4,2,1,5,1,1,4,1,5,0,4,3,6,4,1,0,1,5,4,1,4,1,1,2,0,3,4,0,4,2,2,0,2,1,2,1,1,2,2,6,1,1,1,1,3,3,4,2,3,2,2,0,3,1,0,3,1,2,2,4,2,1,3,4,4,2,3,4,4,2,1,3,4,0,1,2,3,0,4,1,6,3,2,3,2,3,4,4,5,4,3,4,0,1,1,3,1,2,4,5,2,6,1,3,3,2,5,2,5,2,0,1,6,5,4,3,2,3,4,4,4,2,2,3,7,5,9,8,7,7,14,12,6,12,12,6,5,15,12,7,6,16,13,23,38,34,34,48,55,73,70,102,83,117,268,394,,,,
,favourite,2,287,278,363,436,360,316,352,275,264,363,354,453,489,363,329,295,350,386,351,333,313,266,245,311,308,323,294,343,246,225,230,206,223,245,269,258,213,891,533,276,284,258,173,198,291,250,780,440,384,229,218,246,281,322,291,244,215,228,274,302,347,246,217,242,238,365,313,288,380,228,185,202,319,275,290,268,250,192,239,262,246,293,299,241,214,186,273,283,279,195,250,180,228,317,327,284,262,280,183,251,279,266,289,323,241,188,236,264,314,459,297,348,224,270,390,317,399,411,356,304,325,870,387,340,287,313,239,214,325,292,286,185,218,268,296,352,335,488,376,344,287,321,250,241,197,262,226,286,291,377,442,484,377,389,340,317,537,425,465,446,569,420,365,593,442,443,463,438,385,377,496,420,449,375,304,305,275,465,373,376,356,346,324,446,33899,,,,
,purchase,3,151,175,225,197,226,201,172,166,172,182,179,232,185,183,159,135,199,179,176,183,129,111,132,165,128,131,132,121,113,150,131,170,152,233,231,182,204,243,180,157,164,179,153,170,214,256,242,203,192,117,93,114,140,115,158,135,127,150,150,101,124,123,124,159,113,167,141,150,151,103,100,107,145,145,134,119,151,109,157,127,134,123,143,140,135,96,124,123,138,146,133,107,141,180,140,140,146,186,131,106,142,193,159,143,158,140,159,155,130,164,138,134,121,198,191,212,153,232,209,200,240,325,176,165,151,151,144,161,269,219,170,120,190,173,176,259,229,233,200,166,184,177,212,163,148,146,144,232,222,222,238,254,246,217,215,171,304,278,338,273,331,291,275,312,395,293,353,384,327,388,427,421,641,657,756,884,837,930,882,996,1064,1274,1459,2779,2727,,,,
,,,,,,,,,,,,,,,,,,,,,,,,,,,,,,,,,,,,,,,,,,,,,,,,,,,,,,,,,,,,,,,,,,,,,,,,,,,,,,,,,,,,,,,,,,,,,,,,,,,,,,,,,,,,,,,,,,,,,,,,,,,,,,,,,,,,,,,,,,,,,,,,,,,,,,,,,,,,,,,,,,,,,,,,,,,,,,,,,,,,,,,,,,,,,,,
1_6,click,0,0,0,0,0,0,0,0,0,0,3686,3950,4347,4105,3683,3312,3401,3666,3644,3846,3576,3209,3237,3442,3237,3272,3445,3567,3640,3249,3441,2860,2709,2819,3499,3204,3289,3410,5079,5423,3785,2697,2967,3163,3043,3313,4013,7961,4762,5003,2900,2713,3022,2764,2723,2907,2636,2453,2730,2503,3398,2495,2889,2833,2429,2367,3218,2737,2843,3279,2780,2469,2290,3397,2738,2979,3027,2484,2423,2403,2526,2720,2793,2495,2496,2116,2176,2366,2535,2733,2550,2469,2259,2370,2623,3010,5063,3122,2717,2629,2500,2839,2704,2720,3455,2632,2284,3027,3024,3164,4899,2805,2797,2665,2844,3298,3438,3515,3916,3636,3678,3463,5611,3664,3637,3342,3241,2996,3132,3549,3310,3174,2541,2902,3273,3314,3772,3447,4403,3807,3525,3208,3511,3229,2973,3494,3323,3583,3608,3516,4035,3983,4381,4078,3951,3536,3761,4664,4364,4809,4616,4602,4434,4896,5570,5362,5031,5053,4849,4283,5452,6314,5966,7472,8715,8859,9282,10682,10846,9697,12887,12644,14463,20379,48607,183823,,,,
,cart,1,1,1,1,3,4,5,3,1,6,2,2,3,2,1,2,1,3,1,1,1,1,2,1,2,7,1,2,1,1,2,3,3,3,0,1,2,1,2,8,3,0,1,3,0,1,9,2,1,2,1,1,1,2,0,3,4,0,7,2,3,4,3,3,4,1,2,1,8,2,1,1,2,1,6,2,1,1,4,3,1,1,2,0,0,3,2,2,6,1,2,0,0,0,1,4,2,2,1,3,1,0,2,0,3,2,1,2,2,0,5,0,2,2,1,2,8,1,2,8,2,4,5,7,7,2,10,5,2,4,4,6,1,5,3,6,7,6,2,3,5,3,2,7,6,8,2,6,8,7,4,6,3,10,5,3,8,4,9,6,13,6,6,11,7,9,6,8,11,6,10,17,10,35,35,30,57,37,51,48,56,55,91,151,314,349,,,,
,favourite,2,220,257,268,231,282,229,239,230,182,245,260,324,307,288,200,220,257,252,298,222,213,220,219,188,186,227,232,249,169,205,174,180,190,198,197,185,171,427,364,253,189,206,187,170,200,147,515,263,320,155,196,187,176,229,220,226,161,209,206,221,240,212,193,149,154,225,182,174,261,167,141,163,259,208,182,218,173,154,168,222,207,179,172,149,161,152,170,192,203,165,207,148,166,207,261,214,194,212,157,212,202,207,184,237,214,167,192,221,194,317,213,207,207,208,241,246,276,252,266,276,233,588,274,251,186,239,215,213,270,192,205,152,168,205,194,297,237,386,250,259,259,261,238,185,221,242,249,233,258,268,314,348,293,268,193,278,347,366,338,367,344,283,320,385,328,298,317,299,237,317,340,314,350,283,264,229,271,323,279,307,267,218,250,373,25038,,,,
,purchase,3,145,99,113,135,125,138,119,97,105,98,150,138,146,109,110,118,126,154,110,98,124,108,105,146,129,116,139,115,131,109,120,113,124,194,174,169,153,188,147,152,85,115,113,132,134,194,183,144,137,114,95,109,149,120,102,87,77,85,108,167,99,93,118,75,110,102,108,131,101,84,93,90,104,98,107,84,104,100,75,85,98,124,101,83,61,99,76,101,113,111,112,110,93,120,88,108,112,116,131,96,118,122,117,114,133,128,119,138,135,107,135,107,114,128,133,153,148,176,163,172,185,157,158,156,164,95,102,184,126,142,140,133,140,138,105,157,143,162,163,149,133,140,171,136,124,152,130,156,148,158,168,179,156,171,153,200,203,195,230,220,238,271,231,256,241,232,231,245,228,277,275,347,452,584,566,676,512,500,506,651,738,834,1083,2053,2016,,,,
,,,,,,,,,,,,,,,,,,,,,,,,,,,,,,,,,,,,,,,,,,,,,,,,,,,,,,,,,,,,,,,,,,,,,,,,,,,,,,,,,,,,,,,,,,,,,,,,,,,,,,,,,,,,,,,,,,,,,,,,,,,,,,,,,,,,,,,,,,,,,,,,,,,,,,,,,,,,,,,,,,,,,,,,,,,,,,,,,,,,,,,,,,,,,,,
1_7_8,click,0,0,0,0,0,0,0,0,0,0,815,1152,872,888,834,766,792,787,830,883,1131,873,813,794,819,1015,945,836,827,842,953,822,624,1111,933,711,769,924,1432,1350,843,1026,720,835,781,931,774,1599,1525,1285,859,830,807,832,853,791,653,578,607,896,627,843,693,692,529,544,997,756,653,754,863,552,809,761,644,641,828,757,743,768,709,820,624,740,670,738,569,775,723,826,496,647,657,576,708,777,868,940,808,541,634,665,818,685,638,1147,510,760,716,511,1000,946,730,585,803,883,941,1090,919,906,756,1012,1400,1059,853,674,746,732,725,810,941,761,743,830,757,881,1056,1023,993,1169,845,863,874,863,718,828,909,850,832,1252,893,1094,1078,1027,987,1037,949,1081,1008,1158,1154,1096,969,1117,1028,1355,1275,1131,1981,1211,1277,1308,1460,2064,2236,2271,2894,2734,3261,2740,3468,3530,4295,5380,13948,51101,,,,
,cart,1,0,0,0,0,0,1,0,0,0,0,1,0,0,1,1,0,2,0,1,0,0,1,0,2,1,1,0,0,0,0,0,0,0,0,2,0,0,0,0,2,0,0,0,0,1,1,2,0,2,0,3,0,0,0,0,0,0,0,0,0,0,0,0,3,0,1,0,0,0,2,0,0,0,0,0,0,1,0,0,0,0,1,0,0,0,1,0,0,0,0,0,2,1,0,0,2,0,1,0,2,1,0,3,0,2,0,0,0,0,1,0,0,1,0,3,0,2,1,3,1,0,0,2,1,0,0,0,2,1,0,1,0,1,1,1,0,1,0,0,1,0,3,0,0,0,0,0,0,2,1,1,0,0,1,0,1,0,2,0,1,0,0,0,1,3,1,1,2,0,1,5,0,4,9,10,10,8,10,15,13,9,8,24,65,92,,,,
,favourite,2,32,35,72,49,64,56,49,29,63,52,74,55,78,59,47,53,51,51,44,69,70,44,36,44,63,71,51,51,51,58,45,43,25,48,46,49,53,116,74,51,73,41,43,37,45,36,108,93,55,50,54,59,57,52,72,53,36,34,64,52,62,50,54,51,34,60,33,61,61,36,43,48,61,43,44,47,46,58,49,53,70,40,42,56,46,38,45,36,39,32,43,36,42,64,70,53,41,47,43,43,53,51,43,66,37,42,52,53,34,48,52,57,54,31,70,56,63,59,46,45,45,147,84,69,38,50,34,34,55,57,44,35,40,37,57,63,65,69,75,65,72,55,32,43,50,42,54,60,84,51,65,66,87,72,80,41,64,73,84,72,95,70,80,77,65,76,90,99,89,77,68,71,61,65,62,71,76,69,76,72,58,98,56,107,6392,,,,
,purchase,3,42,50,51,44,42,41,38,31,48,34,43,40,51,51,25,30,39,50,49,62,35,42,34,40,49,35,41,47,29,34,27,17,35,33,48,26,66,64,32,35,46,35,45,39,32,39,36,50,47,34,34,39,27,33,34,29,34,29,38,28,32,31,20,26,25,46,30,22,33,36,33,43,23,27,22,46,21,37,21,35,40,26,34,49,26,50,27,36,31,22,40,34,22,28,30,30,36,37,18,37,29,34,22,26,50,31,24,33,22,50,34,21,18,62,52,40,32,61,52,34,70,50,45,39,32,32,31,41,97,58,39,31,35,36,33,61,46,31,29,38,58,38,43,27,57,44,32,47,50,43,83,51,53,46,28,39,50,50,59,39,59,45,78,56,43,70,49,57,65,73,77,80,114,131,157,150,142,157,153,207,250,227,309,571,572,,,,
,,,,,,,,,,,,,,,,,,,,,,,,,,,,,,,,,,,,,,,,,,,,,,,,,,,,,,,,,,,,,,,,,,,,,,,,,,,,,,,,,,,,,,,,,,,,,,,,,,,,,,,,,,,,,,,,,,,,,,,,,,,,,,,,,,,,,,,,,,,,,,,,,,,,,,,,,,,,,,,,,,,,,,,,,,,,,,,,,,,,,,,,,,,,,,,
,,,,,,,,,,,,,,,,,,,,,,,,,,,,,,,,,,,,,,,,,,,,,,,,,,,,,,,,,,,,,,,,,,,,,,,,,,,,,,,,,,,,,,,,,,,,,,,,,,,,,,,,,,,,,,,,,,,,,,,,,,,,,,,,,,,,,,,,,,,,,,,,,,,,,,,,,,,,,,,,,,,,,,,,,,,,,,,,,,,,,,,,,,,,,,,
,,,,,,,,,,,,,,,,,,,,,,,,,,,,,,,,,,,,,,,,,,,,,,,,,,,,,,,,,,,,,,,,,,,,,,,,,,,,,,,,,,,,,,,,,,,,,,,,,,,,,,,,,,,,,,,,,,,,,,,,,,,,,,,,,,,,,,,,,,,,,,,,,,,,,,,,,,,,,,,,,,,,,,,,,,,,,,,,,,,,,,,,,,,,,,,
,,,,,,,,,,,,,,,,,,,,,,,,,,,,,,,,,,,,,,,,,,,,,,,,,,,,,,,,,,,,,,,,,,,,,,,,,,,,,,,,,,,,,,,,,,,,,,,,,,,,,,,,,,,,,,,,,,,,,,,,,,,,,,,,,,,,,,,,,,,,,,,,,,,,,,,,,,,,,,,,,,,,,,,,,,,,,,,,,,,,,,,,,,,,,,,
,,,,,,,,,,,,,,,,,,,,,,,,,,,,,,,,,,,,,,,,,,,,,,,,,,,,,,,,,,,,,,,,,,,,,,,,,,,,,,,,,,,,,,,,,,,,,,,,,,,,,,,,,,,,,,,,,,,,,,,,,,,,,,,,,,,,,,,,,,,,,,,,,,,,,,,,,,,,,,,,,,,,,,,,,,,,,,,,,,,,,,,,,,,,,,,
,,,,,,,,,,,,,,,,,,,,,,,,,,,,,,,,,,,,,,,,,,,,,,,,,,,,,,,,,,,,,,,,,,,,,,,,,,,,,,,,,,,,,,,,,,,,,,,,,,,,,,,,,,,,,,,,,,,,,,,,,,,,,,,,,,,,,,,,,,,,,,,,,,,,,,,,,,,,,,,,,,,,,,,,,,,,,,,,,,,,,,,,,,,,,,,
,,,,,,,,,,,,,,,,,,,,,,,,,,,,,,,,,,,,,,,,,,,,,,,,,,,,,,,,,,,,,,,,,,,,,,,,,,,,,,,,,,,,,,,,,,,,,,,,,,,,,,,,,,,,,,,,,,,,,,,,,,,,,,,,,,,,,,,,,,,,,,,,,,,,,,,,,,,,,,,,,,,,,,,,,,,,,,,,,,,,,,,,,,,,,,,
,,,,,,,,,,,,,,,,,,,,,,,,,,,,,,,,,,,,,,,,,,,,,,,,,,,,,,,,,,,,,,,,,,,,,,,,,,,,,,,,,,,,,,,,,,,,,,,,,,,,,,,,,,,,,,,,,,,,,,,,,,,,,,,,,,,,,,,,,,,,,,,,,,,,,,,,,,,,,,,,,,,,,,,,,,,,,,,,,,,,,,,,,,,,,,,
,,,,,,,,,,,,,,,,,,,,,,,,,,,,,,,,,,,,,,,,,,,,,,,,,,,,,,,,,,,,,,,,,,,,,,,,,,,,,,,,,,,,,,,,,,,,,,,,,,,,,,,,,,,,,,,,,,,,,,,,,,,,,,,,,,,,,,,,,,,,,,,,,,,,,,,,,,,,,,,,,,,,,,,,,,,,,,,,,,,,,,,,,,,,,,,
,,,3,4,5,6,7,1,2,,,,,,,,,,,,,,,,,,,,,,,,,,,,,,,,,,,,,,,,,,,,,,,,,,,,,,,,,,,,,,,,,,,,,,,,,,,,,,,,,,,,,,,,,,,,,,,,,,,,,,,,,,,,,,,,,,,,,,,,,,,,,,,,,,,,,,,,,,,,,,,,,,,,,,,,,,,,,,,,,,,,,,,,,,,,,,,,,,,,,,
0_2,click,0,,,,,,,,,,,,,,,,,,,,,,,,,,,,,,,,,,,,,,,,,,,,,,,,,,,,,,,,,,,,,,,,,,,,,,,,,,,,,,,,,,,,,,,,,,,,,,,,,,,,,,,,,,,,,,,,,,,,,,,,,,,,,,,,,,,,,,,,,,,,,,,,,,,,,,,,,,,,,,,,,,,,,,,,,,,,,,,,,,,,,,,,,,,,,
,cart,1,174,175,173,190,272,247,233,,,,,,,,,,,,,,,,,,,,,,,,,,,,,,,,,,,,,,,,,,,,,,,,,,,,,,,,,,,,,,,,,,,,,,,,,,,,,,,,,,,,,,,,,,,,,,,,,,,,,,,,,,,,,,,,,,,,,,,,,,,,,,,,,,,,,,,,,,,,,,,,,,,,,,,,,,,,,,,,,,,,,,,,,,,,,,,,,,,,,,
,purchase,2,14196,14723,16800,15503,16108,15332,14959,,,,,,,,,,,,,,,,,,,,,,,,,,,,,,,,,,,,,,,,,,,,,,,,,,,,,,,,,,,,,,,,,,,,,,,,,,,,,,,,,,,,,,,,,,,,,,,,,,,,,,,,,,,,,,,,,,,,,,,,,,,,,,,,,,,,,,,,,,,,,,,,,,,,,,,,,,,,,,,,,,,,,,,,,,,,,,,,,,,,,,
,favourite,3,29477,29100,30801,30918,34153,33722,34421,,,,,,,,,,,,,,,,,,,,,,,,,,,,,,,,,,,,,,,,,,,,,,,,,,,,,,,,,,,,,,,,,,,,,,,,,,,,,,,,,,,,,,,,,,,,,,,,,,,,,,,,,,,,,,,,,,,,,,,,,,,,,,,,,,,,,,,,,,,,,,,,,,,,,,,,,,,,,,,,,,,,,,,,,,,,,,,,,,,,,,
,,,,,,,,,,,,,,,,,,,,,,,,,,,,,,,,,,,,,,,,,,,,,,,,,,,,,,,,,,,,,,,,,,,,,,,,,,,,,,,,,,,,,,,,,,,,,,,,,,,,,,,,,,,,,,,,,,,,,,,,,,,,,,,,,,,,,,,,,,,,,,,,,,,,,,,,,,,,,,,,,,,,,,,,,,,,,,,,,,,,,,,,,,,,,,,
0_3,click,0,,,,,,,,,,,,,,,,,,,,,,,,,,,,,,,,,,,,,,,,,,,,,,,,,,,,,,,,,,,,,,,,,,,,,,,,,,,,,,,,,,,,,,,,,,,,,,,,,,,,,,,,,,,,,,,,,,,,,,,,,,,,,,,,,,,,,,,,,,,,,,,,,,,,,,,,,,,,,,,,,,,,,,,,,,,,,,,,,,,,,,,,,,,,,
,cart,1,448,476,528,523,660,746,705,,,,,,,,,,,,,,,,,,,,,,,,,,,,,,,,,,,,,,,,,,,,,,,,,,,,,,,,,,,,,,,,,,,,,,,,,,,,,,,,,,,,,,,,,,,,,,,,,,,,,,,,,,,,,,,,,,,,,,,,,,,,,,,,,,,,,,,,,,,,,,,,,,,,,,,,,,,,,,,,,,,,,,,,,,,,,,,,,,,,,,
,purchase,2,41977,42322,60924,53328,58532,53259,50250,,,,,,,,,,,,,,,,,,,,,,,,,,,,,,,,,,,,,,,,,,,,,,,,,,,,,,,,,,,,,,,,,,,,,,,,,,,,,,,,,,,,,,,,,,,,,,,,,,,,,,,,,,,,,,,,,,,,,,,,,,,,,,,,,,,,,,,,,,,,,,,,,,,,,,,,,,,,,,,,,,,,,,,,,,,,,,,,,,,,,,
,favourite,3,64612,65818,74203,74502,80525,77651,76230,,,,,,,,,,,,,,,,,,,,,,,,,,,,,,,,,,,,,,,,,,,,,,,,,,,,,,,,,,,,,,,,,,,,,,,,,,,,,,,,,,,,,,,,,,,,,,,,,,,,,,,,,,,,,,,,,,,,,,,,,,,,,,,,,,,,,,,,,,,,,,,,,,,,,,,,,,,,,,,,,,,,,,,,,,,,,,,,,,,,,,
,,,,,,,,,,,,,,,,,,,,,,,,,,,,,,,,,,,,,,,,,,,,,,,,,,,,,,,,,,,,,,,,,,,,,,,,,,,,,,,,,,,,,,,,,,,,,,,,,,,,,,,,,,,,,,,,,,,,,,,,,,,,,,,,,,,,,,,,,,,,,,,,,,,,,,,,,,,,,,,,,,,,,,,,,,,,,,,,,,,,,,,,,,,,,,,
0_4,click,0,,,,,,,,,,,,,,,,,,,,,,,,,,,,,,,,,,,,,,,,,,,,,,,,,,,,,,,,,,,,,,,,,,,,,,,,,,,,,,,,,,,,,,,,,,,,,,,,,,,,,,,,,,,,,,,,,,,,,,,,,,,,,,,,,,,,,,,,,,,,,,,,,,,,,,,,,,,,,,,,,,,,,,,,,,,,,,,,,,,,,,,,,,,,,
,cart,1,321,352,363,365,493,498,478,,,,,,,,,,,,,,,,,,,,,,,,,,,,,,,,,,,,,,,,,,,,,,,,,,,,,,,,,,,,,,,,,,,,,,,,,,,,,,,,,,,,,,,,,,,,,,,,,,,,,,,,,,,,,,,,,,,,,,,,,,,,,,,,,,,,,,,,,,,,,,,,,,,,,,,,,,,,,,,,,,,,,,,,,,,,,,,,,,,,,,
,purchase,2,35559,35887,56023,48359,53425,48269,44801,,,,,,,,,,,,,,,,,,,,,,,,,,,,,,,,,,,,,,,,,,,,,,,,,,,,,,,,,,,,,,,,,,,,,,,,,,,,,,,,,,,,,,,,,,,,,,,,,,,,,,,,,,,,,,,,,,,,,,,,,,,,,,,,,,,,,,,,,,,,,,,,,,,,,,,,,,,,,,,,,,,,,,,,,,,,,,,,,,,,,,
,favourite,3,42107,42019,49238,49037,52506,50968,49163,,,,,,,,,,,,,,,,,,,,,,,,,,,,,,,,,,,,,,,,,,,,,,,,,,,,,,,,,,,,,,,,,,,,,,,,,,,,,,,,,,,,,,,,,,,,,,,,,,,,,,,,,,,,,,,,,,,,,,,,,,,,,,,,,,,,,,,,,,,,,,,,,,,,,,,,,,,,,,,,,,,,,,,,,,,,,,,,,,,,,,
,,,,,,,,,,,,,,,,,,,,,,,,,,,,,,,,,,,,,,,,,,,,,,,,,,,,,,,,,,,,,,,,,,,,,,,,,,,,,,,,,,,,,,,,,,,,,,,,,,,,,,,,,,,,,,,,,,,,,,,,,,,,,,,,,,,,,,,,,,,,,,,,,,,,,,,,,,,,,,,,,,,,,,,,,,,,,,,,,,,,,,,,,,,,,,,
0_5,click,0,,,,,,,,,,,,,,,,,,,,,,,,,,,,,,,,,,,,,,,,,,,,,,,,,,,,,,,,,,,,,,,,,,,,,,,,,,,,,,,,,,,,,,,,,,,,,,,,,,,,,,,,,,,,,,,,,,,,,,,,,,,,,,,,,,,,,,,,,,,,,,,,,,,,,,,,,,,,,,,,,,,,,,,,,,,,,,,,,,,,,,,,,,,,,
,cart,1,187,208,255,226,279,314,277,,,,,,,,,,,,,,,,,,,,,,,,,,,,,,,,,,,,,,,,,,,,,,,,,,,,,,,,,,,,,,,,,,,,,,,,,,,,,,,,,,,,,,,,,,,,,,,,,,,,,,,,,,,,,,,,,,,,,,,,,,,,,,,,,,,,,,,,,,,,,,,,,,,,,,,,,,,,,,,,,,,,,,,,,,,,,,,,,,,,,,
,favourite,2,19305,19341,31868,27183,30419,27357,25705,,,,,,,,,,,,,,,,,,,,,,,,,,,,,,,,,,,,,,,,,,,,,,,,,,,,,,,,,,,,,,,,,,,,,,,,,,,,,,,,,,,,,,,,,,,,,,,,,,,,,,,,,,,,,,,,,,,,,,,,,,,,,,,,,,,,,,,,,,,,,,,,,,,,,,,,,,,,,,,,,,,,,,,,,,,,,,,,,,,,,,
,purchase,3,21531,21691,25408,24786,26205,26028,24928,,,,,,,,,,,,,,,,,,,,,,,,,,,,,,,,,,,,,,,,,,,,,,,,,,,,,,,,,,,,,,,,,,,,,,,,,,,,,,,,,,,,,,,,,,,,,,,,,,,,,,,,,,,,,,,,,,,,,,,,,,,,,,,,,,,,,,,,,,,,,,,,,,,,,,,,,,,,,,,,,,,,,,,,,,,,,,,,,,,,,,
,,,,,,,,,,,,,,,,,,,,,,,,,,,,,,,,,,,,,,,,,,,,,,,,,,,,,,,,,,,,,,,,,,,,,,,,,,,,,,,,,,,,,,,,,,,,,,,,,,,,,,,,,,,,,,,,,,,,,,,,,,,,,,,,,,,,,,,,,,,,,,,,,,,,,,,,,,,,,,,,,,,,,,,,,,,,,,,,,,,,,,,,,,,,,,,
0_6,click,0,,,,,,,,,,,,,,,,,,,,,,,,,,,,,,,,,,,,,,,,,,,,,,,,,,,,,,,,,,,,,,,,,,,,,,,,,,,,,,,,,,,,,,,,,,,,,,,,,,,,,,,,,,,,,,,,,,,,,,,,,,,,,,,,,,,,,,,,,,,,,,,,,,,,,,,,,,,,,,,,,,,,,,,,,,,,,,,,,,,,,,,,,,,,,
,cart,1,163,238,223,228,281,267,319,,,,,,,,,,,,,,,,,,,,,,,,,,,,,,,,,,,,,,,,,,,,,,,,,,,,,,,,,,,,,,,,,,,,,,,,,,,,,,,,,,,,,,,,,,,,,,,,,,,,,,,,,,,,,,,,,,,,,,,,,,,,,,,,,,,,,,,,,,,,,,,,,,,,,,,,,,,,,,,,,,,,,,,,,,,,,,,,,,,,,,
,favourite,2,16629,17202,25271,22286,24660,22318,20723,,,,,,,,,,,,,,,,,,,,,,,,,,,,,,,,,,,,,,,,,,,,,,,,,,,,,,,,,,,,,,,,,,,,,,,,,,,,,,,,,,,,,,,,,,,,,,,,,,,,,,,,,,,,,,,,,,,,,,,,,,,,,,,,,,,,,,,,,,,,,,,,,,,,,,,,,,,,,,,,,,,,,,,,,,,,,,,,,,,,,,
,purchase,3,21877,22236,24127,24294,24892,24501,24346,,,,,,,,,,,,,,,,,,,,,,,,,,,,,,,,,,,,,,,,,,,,,,,,,,,,,,,,,,,,,,,,,,,,,,,,,,,,,,,,,,,,,,,,,,,,,,,,,,,,,,,,,,,,,,,,,,,,,,,,,,,,,,,,,,,,,,,,,,,,,,,,,,,,,,,,,,,,,,,,,,,,,,,,,,,,,,,,,,,,,,
,,,,,,,,,,,,,,,,,,,,,,,,,,,,,,,,,,,,,,,,,,,,,,,,,,,,,,,,,,,,,,,,,,,,,,,,,,,,,,,,,,,,,,,,,,,,,,,,,,,,,,,,,,,,,,,,,,,,,,,,,,,,,,,,,,,,,,,,,,,,,,,,,,,,,,,,,,,,,,,,,,,,,,,,,,,,,,,,,,,,,,,,,,,,,,,
0_7_8,click,0,,,,,,,,,,,,,,,,,,,,,,,,,,,,,,,,,,,,,,,,,,,,,,,,,,,,,,,,,,,,,,,,,,,,,,,,,,,,,,,,,,,,,,,,,,,,,,,,,,,,,,,,,,,,,,,,,,,,,,,,,,,,,,,,,,,,,,,,,,,,,,,,,,,,,,,,,,,,,,,,,,,,,,,,,,,,,,,,,,,,,,,,,,,,,
,cart,1,36,37,38,36,53,68,66,,,,,,,,,,,,,,,,,,,,,,,,,,,,,,,,,,,,,,,,,,,,,,,,,,,,,,,,,,,,,,,,,,,,,,,,,,,,,,,,,,,,,,,,,,,,,,,,,,,,,,,,,,,,,,,,,,,,,,,,,,,,,,,,,,,,,,,,,,,,,,,,,,,,,,,,,,,,,,,,,,,,,,,,,,,,,,,,,,,,,,
,favourite,2,3015,3330,4425,4194,4599,4046,3761,,,,,,,,,,,,,,,,,,,,,,,,,,,,,,,,,,,,,,,,,,,,,,,,,,,,,,,,,,,,,,,,,,,,,,,,,,,,,,,,,,,,,,,,,,,,,,,,,,,,,,,,,,,,,,,,,,,,,,,,,,,,,,,,,,,,,,,,,,,,,,,,,,,,,,,,,,,,,,,,,,,,,,,,,,,,,,,,,,,,,,
,purchase,3,4894,5093,5204,5338,5383,5543,5434,,,,,,,,,,,,,,,,,,,,,,,,,,,,,,,,,,,,,,,,,,,,,,,,,,,,,,,,,,,,,,,,,,,,,,,,,,,,,,,,,,,,,,,,,,,,,,,,,,,,,,,,,,,,,,,,,,,,,,,,,,,,,,,,,,,,,,,,,,,,,,,,,,,,,,,,,,,,,,,,,,,,,,,,,,,,,,,,,,,,,,
,,,,,,,,,,,,,,,,,,,,,,,,,,,,,,,,,,,,,,,,,,,,,,,,,,,,,,,,,,,,,,,,,,,,,,,,,,,,,,,,,,,,,,,,,,,,,,,,,,,,,,,,,,,,,,,,,,,,,,,,,,,,,,,,,,,,,,,,,,,,,,,,,,,,,,,,,,,,,,,,,,,,,,,,,,,,,,,,,,,,,,,,,,,,,,,
1_2,click,0,,,,,,,,,,,,,,,,,,,,,,,,,,,,,,,,,,,,,,,,,,,,,,,,,,,,,,,,,,,,,,,,,,,,,,,,,,,,,,,,,,,,,,,,,,,,,,,,,,,,,,,,,,,,,,,,,,,,,,,,,,,,,,,,,,,,,,,,,,,,,,,,,,,,,,,,,,,,,,,,,,,,,,,,,,,,,,,,,,,,,,,,,,,,,
,cart,1,129,123,139,122,169,191,151,,,,,,,,,,,,,,,,,,,,,,,,,,,,,,,,,,,,,,,,,,,,,,,,,,,,,,,,,,,,,,,,,,,,,,,,,,,,,,,,,,,,,,,,,,,,,,,,,,,,,,,,,,,,,,,,,,,,,,,,,,,,,,,,,,,,,,,,,,,,,,,,,,,,,,,,,,,,,,,,,,,,,,,,,,,,,,,,,,,,,,
,purchase,2,6425,6870,7325,6911,7068,6556,6474,,,,,,,,,,,,,,,,,,,,,,,,,,,,,,,,,,,,,,,,,,,,,,,,,,,,,,,,,,,,,,,,,,,,,,,,,,,,,,,,,,,,,,,,,,,,,,,,,,,,,,,,,,,,,,,,,,,,,,,,,,,,,,,,,,,,,,,,,,,,,,,,,,,,,,,,,,,,,,,,,,,,,,,,,,,,,,,,,,,,,,
,favourite,3,5720,5766,5830,5831,6447,6377,6461,,,,,,,,,,,,,,,,,,,,,,,,,,,,,,,,,,,,,,,,,,,,,,,,,,,,,,,,,,,,,,,,,,,,,,,,,,,,,,,,,,,,,,,,,,,,,,,,,,,,,,,,,,,,,,,,,,,,,,,,,,,,,,,,,,,,,,,,,,,,,,,,,,,,,,,,,,,,,,,,,,,,,,,,,,,,,,,,,,,,,,
,,,,,,,,,,,,,,,,,,,,,,,,,,,,,,,,,,,,,,,,,,,,,,,,,,,,,,,,,,,,,,,,,,,,,,,,,,,,,,,,,,,,,,,,,,,,,,,,,,,,,,,,,,,,,,,,,,,,,,,,,,,,,,,,,,,,,,,,,,,,,,,,,,,,,,,,,,,,,,,,,,,,,,,,,,,,,,,,,,,,,,,,,,,,,,,
1_3,click,0,,,,,,,,,,,,,,,,,,,,,,,,,,,,,,,,,,,,,,,,,,,,,,,,,,,,,,,,,,,,,,,,,,,,,,,,,,,,,,,,,,,,,,,,,,,,,,,,,,,,,,,,,,,,,,,,,,,,,,,,,,,,,,,,,,,,,,,,,,,,,,,,,,,,,,,,,,,,,,,,,,,,,,,,,,,,,,,,,,,,,,,,,,,,,
,cart,1,242,251,253,246,381,366,382,,,,,,,,,,,,,,,,,,,,,,,,,,,,,,,,,,,,,,,,,,,,,,,,,,,,,,,,,,,,,,,,,,,,,,,,,,,,,,,,,,,,,,,,,,,,,,,,,,,,,,,,,,,,,,,,,,,,,,,,,,,,,,,,,,,,,,,,,,,,,,,,,,,,,,,,,,,,,,,,,,,,,,,,,,,,,,,,,,,,,,
,purchase,2,15002,16145,19770,18184,19667,17893,16798,,,,,,,,,,,,,,,,,,,,,,,,,,,,,,,,,,,,,,,,,,,,,,,,,,,,,,,,,,,,,,,,,,,,,,,,,,,,,,,,,,,,,,,,,,,,,,,,,,,,,,,,,,,,,,,,,,,,,,,,,,,,,,,,,,,,,,,,,,,,,,,,,,,,,,,,,,,,,,,,,,,,,,,,,,,,,,,,,,,,,,
,favourite,3,12060,12412,14522,13943,14837,14891,14598,,,,,,,,,,,,,,,,,,,,,,,,,,,,,,,,,,,,,,,,,,,,,,,,,,,,,,,,,,,,,,,,,,,,,,,,,,,,,,,,,,,,,,,,,,,,,,,,,,,,,,,,,,,,,,,,,,,,,,,,,,,,,,,,,,,,,,,,,,,,,,,,,,,,,,,,,,,,,,,,,,,,,,,,,,,,,,,,,,,,,,
,,,,,,,,,,,,,,,,,,,,,,,,,,,,,,,,,,,,,,,,,,,,,,,,,,,,,,,,,,,,,,,,,,,,,,,,,,,,,,,,,,,,,,,,,,,,,,,,,,,,,,,,,,,,,,,,,,,,,,,,,,,,,,,,,,,,,,,,,,,,,,,,,,,,,,,,,,,,,,,,,,,,,,,,,,,,,,,,,,,,,,,,,,,,,,,
1_4,click,0,,,,,,,,,,,,,,,,,,,,,,,,,,,,,,,,,,,,,,,,,,,,,,,,,,,,,,,,,,,,,,,,,,,,,,,,,,,,,,,,,,,,,,,,,,,,,,,,,,,,,,,,,,,,,,,,,,,,,,,,,,,,,,,,,,,,,,,,,,,,,,,,,,,,,,,,,,,,,,,,,,,,,,,,,,,,,,,,,,,,,,,,,,,,,
,cart,1,121,161,181,191,189,232,259,,,,,,,,,,,,,,,,,,,,,,,,,,,,,,,,,,,,,,,,,,,,,,,,,,,,,,,,,,,,,,,,,,,,,,,,,,,,,,,,,,,,,,,,,,,,,,,,,,,,,,,,,,,,,,,,,,,,,,,,,,,,,,,,,,,,,,,,,,,,,,,,,,,,,,,,,,,,,,,,,,,,,,,,,,,,,,,,,,,,,,
,purchase,2,13647,14542,20330,17502,19655,17974,16308,,,,,,,,,,,,,,,,,,,,,,,,,,,,,,,,,,,,,,,,,,,,,,,,,,,,,,,,,,,,,,,,,,,,,,,,,,,,,,,,,,,,,,,,,,,,,,,,,,,,,,,,,,,,,,,,,,,,,,,,,,,,,,,,,,,,,,,,,,,,,,,,,,,,,,,,,,,,,,,,,,,,,,,,,,,,,,,,,,,,,,
,favourite,3,10794,11140,12381,12434,13109,12667,12593,,,,,,,,,,,,,,,,,,,,,,,,,,,,,,,,,,,,,,,,,,,,,,,,,,,,,,,,,,,,,,,,,,,,,,,,,,,,,,,,,,,,,,,,,,,,,,,,,,,,,,,,,,,,,,,,,,,,,,,,,,,,,,,,,,,,,,,,,,,,,,,,,,,,,,,,,,,,,,,,,,,,,,,,,,,,,,,,,,,,,,
,,,,,,,,,,,,,,,,,,,,,,,,,,,,,,,,,,,,,,,,,,,,,,,,,,,,,,,,,,,,,,,,,,,,,,,,,,,,,,,,,,,,,,,,,,,,,,,,,,,,,,,,,,,,,,,,,,,,,,,,,,,,,,,,,,,,,,,,,,,,,,,,,,,,,,,,,,,,,,,,,,,,,,,,,,,,,,,,,,,,,,,,,,,,,,,
1_5,click,0,,,,,,,,,,,,,,,,,,,,,,,,,,,,,,,,,,,,,,,,,,,,,,,,,,,,,,,,,,,,,,,,,,,,,,,,,,,,,,,,,,,,,,,,,,,,,,,,,,,,,,,,,,,,,,,,,,,,,,,,,,,,,,,,,,,,,,,,,,,,,,,,,,,,,,,,,,,,,,,,,,,,,,,,,,,,,,,,,,,,,,,,,,,,,
,cart,1,89,80,101,67,96,129,107,,,,,,,,,,,,,,,,,,,,,,,,,,,,,,,,,,,,,,,,,,,,,,,,,,,,,,,,,,,,,,,,,,,,,,,,,,,,,,,,,,,,,,,,,,,,,,,,,,,,,,,,,,,,,,,,,,,,,,,,,,,,,,,,,,,,,,,,,,,,,,,,,,,,,,,,,,,,,,,,,,,,,,,,,,,,,,,,,,,,,,
,favourite,2,6415,6520,9588,8381,9168,8144,7738,,,,,,,,,,,,,,,,,,,,,,,,,,,,,,,,,,,,,,,,,,,,,,,,,,,,,,,,,,,,,,,,,,,,,,,,,,,,,,,,,,,,,,,,,,,,,,,,,,,,,,,,,,,,,,,,,,,,,,,,,,,,,,,,,,,,,,,,,,,,,,,,,,,,,,,,,,,,,,,,,,,,,,,,,,,,,,,,,,,,,,
,purchase,3,4047,4268,5184,4867,4958,4946,5019,,,,,,,,,,,,,,,,,,,,,,,,,,,,,,,,,,,,,,,,,,,,,,,,,,,,,,,,,,,,,,,,,,,,,,,,,,,,,,,,,,,,,,,,,,,,,,,,,,,,,,,,,,,,,,,,,,,,,,,,,,,,,,,,,,,,,,,,,,,,,,,,,,,,,,,,,,,,,,,,,,,,,,,,,,,,,,,,,,,,,,
,,,,,,,,,,,,,,,,,,,,,,,,,,,,,,,,,,,,,,,,,,,,,,,,,,,,,,,,,,,,,,,,,,,,,,,,,,,,,,,,,,,,,,,,,,,,,,,,,,,,,,,,,,,,,,,,,,,,,,,,,,,,,,,,,,,,,,,,,,,,,,,,,,,,,,,,,,,,,,,,,,,,,,,,,,,,,,,,,,,,,,,,,,,,,,,
1_6,click,0,,,,,,,,,,,,,,,,,,,,,,,,,,,,,,,,,,,,,,,,,,,,,,,,,,,,,,,,,,,,,,,,,,,,,,,,,,,,,,,,,,,,,,,,,,,,,,,,,,,,,,,,,,,,,,,,,,,,,,,,,,,,,,,,,,,,,,,,,,,,,,,,,,,,,,,,,,,,,,,,,,,,,,,,,,,,,,,,,,,,,,,,,,,,,
,cart,1,67,82,83,123,115,103,110,,,,,,,,,,,,,,,,,,,,,,,,,,,,,,,,,,,,,,,,,,,,,,,,,,,,,,,,,,,,,,,,,,,,,,,,,,,,,,,,,,,,,,,,,,,,,,,,,,,,,,,,,,,,,,,,,,,,,,,,,,,,,,,,,,,,,,,,,,,,,,,,,,,,,,,,,,,,,,,,,,,,,,,,,,,,,,,,,,,,,,
,favourite,2,4912,5318,6632,5924,6684,5874,5816,,,,,,33692,,,,,,,,,,,,,,,,,,,,,,,,,,,,,,,,,,,,,,,,,,,,,,,,,,,,,,,,,,,,,,,,,,,,,,,,,,,,,,,,,,,,,,,,,,,,,,,,,,,,,,,,,,,,,,,,,,,,,,,,,,,,,,,,,,,,,,,,,,,,,,,,,,,,,,,,,,,,,,,,,,,,,,,,,,,,,,,,
,purchase,3,3229,3281,3521,3771,3797,3876,3734,,,,,,74609,,,,,,,,,,,,,,,,,,,,,,,,,,,,,,,,,,,,,,,,,,,,,,,,,,,,,,,,,,,,,,,,,,,,,,,,,,,,,,,,,,,,,,,,,,,,,,,,,,,,,,,,,,,,,,,,,,,,,,,,,,,,,,,,,,,,,,,,,,,,,,,,,,,,,,,,,,,,,,,,,,,,,,,,,,,,,,,,
,,,,,,,,,,,,,,,,,,,,,,,,,,,,,,,,,,,,,,,,,,,,,,,,,,,,,,,,,,,,,,,,,,,,,,,,,,,,,,,,,,,,,,,,,,,,,,,,,,,,,,,,,,,,,,,,,,,,,,,,,,,,,,,,,,,,,,,,,,,,,,,,,,,,,,,,,,,,,,,,,,,,,,,,,,,,,,,,,,,,,,,,,,,,,,,
1_7_8,click,0,,,,,,,,,,,,,,,,,,,,,,,,,,,,,,,,,,,,,,,,,,,,,,,,,,,,,,,,,,,,,,,,,,,,,,,,,,,,,,,,,,,,,,,,,,,,,,,,,,,,,,,,,,,,,,,,,,,,,,,,,,,,,,,,,,,,,,,,,,,,,,,,,,,,,,,,,,,,,,,,,,,,,,,,,,,,,,,,,,,,,,,,,,,,,
,cart,1,10,17,18,12,22,13,29,,,,,,,,,,,,,,,,,,,,,,,,,,,,,,,,,,,,,,,,,,,,,,,,,,,,,,,,,,,,,,,,,,,,,,,,,,,,,,,,,,,,,,,,,,,,,,,,,,,,,,,,,,,,,,,,,,,,,,,,,,,,,,,,,,,,,,,,,,,,,,,,,,,,,,,,,,,,,,,,,,,,,,,,,,,,,,,,,,,,,,
,favourite,2,1241,1233,1564,1415,1442,1494,1383,,,,,,,,,,,,,,,,,,,,,,,,,,,,,,,,,,,,,,,,,,,,,,,,,,,,,,,,,,,,,,,,,,,,,,,,,,,,,,,,,,,,,,,,,,,,,,,,,,,,,,,,,,,,,,,,,,,,,,,,,,,,,,,,,,,,,,,,,,,,,,,,,,,,,,,,,,,,,,,,,,,,,,,,,,,,,,,,,,,,,,
,purchase,3,875,1070,1114,1020,1032,1089,1112,,,,,,,,,,,,,,,,,,,,,,,,,,,,,,,,,,,,,,,,,,,,,,,,,,,,,,,,,,,,,,,,,,,,,,,,,,,,,,,,,,,,,,,,,,,,,,,,,,,,,,,,,,,,,,,,,,,,,,,,,,,,,,,,,,,,,,,,,,,,,,,,,,,,,,,,,,,,,,,,,,,,,,,,,,,,,,,,,,,,,,
,,,,,,,,,,,,,,,,,,,,,,,,,,,,,,,,,,,,,,,,,,,,,,,,,,,,,,,,,,,,,,,,,,,,,,,,,,,,,,,,,,,,,,,,,,,,,,,,,,,,,,,,,,,,,,,,,,,,,,,,,,,,,,,,,,,,,,,,,,,,,,,,,,,,,,,,,,,,,,,,,,,,,,,,,,,,,,,,,,,,,,,,,,,,,,,
,,,,,,,,,,,,,,,,,,,,,,,,,,,,,,,,,,,,,,,,,,,,,,,,,,,,,,,,,,,,,,,,,,,,,,,,,,,,,,,,,,,,,,,,,,,,,,,,,,,,,,,,,,,,,,,,,,,,,,,,,,,,,,,,,,,,,,,,,,,,,,,,,,,,,,,,,,,,,,,,,,,,,,,,,,,,,,,,,,,,,,,,,,,,,,,
,,,,,,,,,,,,,,,,,,,,,,,,,,,,,,,,,,,,,,,,,,,,,,,,,,,,,,,,,,,,,,,,,,,,,,,,,,,,,,,,,,,,,,,,,,,,,,,,,,,,,,,,,,,,,,,,,,,,,,,,,,,,,,,,,,,,,,,,,,,,,,,,,,,,,,,,,,,,,,,,,,,,,,,,,,,,,,,,,,,,,,,,,,,,,,,
,,,,,,,,,,,,,,,,,,,,,,,,,,,,,,,,,,,,,,,,,,,,,,,,,,,,,,,,,,,,,,,,,,,,,,,,,,,,,,,,,,,,,,,,,,,,,,,,,,,,,,,,,,,,,,,,,,,,,,,,,,,,,,,,,,,,,,,,,,,,,,,,,,,,,,,,,,,,,,,,,,,,,,,,,,,,,,,,,,,,,,,,,,,,,,,
,,,1,2,3,4,5,6,7,,,1,2,3,4,5,6,7,,,,,,,,,,,,,,,,,,,,,,,,,,,,,,,,,,,,,,,,,,,,,,,,,,,,,,,,,,,,,,,,,,,,,,,,,,,,,,,,,,,,,,,,,,,,,,,,,,,,,,,,,,,,,,,,,,,,,,,,,,,,,,,,,,,,,,,,,,,,,,,,,,,,,,,,,,,,,,,,,,,,,,,,,,,,,
0_2,click,0,,,,,,,,,0_2,0.455063517,0.443992639,0.421346314,0.436988009,0.498634691,0.460138905,0.47809569,,,,,,,,,,,,,,,,,,,,,,,,,,,,,,,,,,,,,,,,,,,,,,,,,,,,,,,,,,,,,,,,,,,,,,,,,,,,,,,,,,,,,,,,,,,,,,,,,,,,,,,,,,,,,,,,,,,,,,,,,,,,,,,,,,,,,,,,,,,,,,,,,,,,,,,,,,,,,,,,,,,,,,,,,,,,,
,cart,1,247,233,174,175,173,190,272,,0_3,0.713841494,0.673511239,0.562626493,0.5672506,0.816577089,0.714766315,0.784516613,,,,,,,,,,,,,,,,,,,,,,,,,,,,,,,,,,,,,,,,,,,,,,,,,,,,,,,,,,,,,,,,,,,,,,,,,,,,,,,,,,,,,,,,,,,,,,,,,,,,,,,,,,,,,,,,,,,,,,,,,,,,,,,,,,,,,,,,,,,,,,,,,,,,,,,,,,,,,,,,,,,,,,,,,,,,,
,purchase,2,15332,14959,14196,14723,16800,15503,16108,,0_4,48269,44801,35559,35887,56023,48359,53425,,,,,,,,,,,,,,,,,,,,,,,,,,,,,,,,,,,,,,,,,,,,,,,,,,,,,,,,,,,,,,,,,,,,,,,,,,,,,,,,,,,,,,,,,,,,,,,,,,,,,,,,,,,,,,,,,,,,,,,,,,,,,,,,,,,,,,,,,,,,,,,,,,,,,,,,,,,,,,,,,,,,,,,,,,,,,
,favourite,3,33722,34421,29477,29100,30801,30918,34153,,0_5,27357,25705,19305,19341,31868,27183,30419,,,,,,,,,,,,,,,,,,,,,,,,,,,,,,,,,,,,,,,,,,,,,,,,,,,,,,,,,,,,,,,,,,,,,,,,,,,,,,,,,,,,,,,,,,,,,,,,,,,,,,,,,,,,,,,,,,,,,,,,,,,,,,,,,,,,,,,,,,,,,,,,,,,,,,,,,,,,,,,,,,,,,,,,,,,,,
,,,,,,,,,,,0_6,22318,20723,16629,17202,25271,22286,24660,,,,,,,,,,,,,,,,,,,,,,,,,,,,,,,,,,,,,,,,,,,,,,,,,,,,,,,,,,,,,,,,,,,,,,,,,,,,,,,,,,,,,,,,,,,,,,,,,,,,,,,,,,,,,,,,,,,,,,,,,,,,,,,,,,,,,,,,,,,,,,,,,,,,,,,,,,,,,,,,,,,,,,,,,,,,,
0_3,click,0,,,,,,,,,0_7_8,4046,3761,3015,3330,4425,4194,4599,,,,,,,,,,,,,,,,,,,,,,,,,,,,,,,,,,,,,,,,,,,,,,,,,,,,,,,,,,,,,,,,,,,,,,,,,,,,,,,,,,,,,,,,,,,,,,,,,,,,,,,,,,,,,,,,,,,,,,,,,,,,,,,,,,,,,,,,,,,,,,,,,,,,,,,,,,,,,,,,,,,,,,,,,,,,,
,cart,1,746,705,448,476,528,523,660,,,,,,,,,,,,,,,,,,,,,,,,,,,,,,,,,,,,,,,,,,,,,,,,,,,,,,,,,,,,,,,,,,,,,,,,,,,,,,,,,,,,,,,,,,,,,,,,,,,,,,,,,,,,,,,,,,,,,,,,,,,,,,,,,,,,,,,,,,,,,,,,,,,,,,,,,,,,,,,,,,,,,,,,,,,,,,,,,,,,,,
,purchase,2,53259,50250,41977,42322,60924,53328,58532,,,,,,,,,,,,,,,,,,,,,,,,,,,,,,,,,,,,,,,,,,,,,,,,,,,,,,,,,,,,,,,,,,,,,,,,,,,,,,,,,,,,,,,,,,,,,,,,,,,,,,,,,,,,,,,,,,,,,,,,,,,,,,,,,,,,,,,,,,,,,,,,,,,,,,,,,,,,,,,,,,,,,,,,,,,,,,,,,,,,,,
,favourite,3,77651,76230,64612,65818,74203,74502,80525,,,,,,,,,,,,,,,,,,,,,,,,,,,,,,,,,,,,,,,,,,,,,,,,,,,,,,,,,,,,,,,,,,,,,,,,,,,,,,,,,,,,,,,,,,,,,,,,,,,,,,,,,,,,,,,,,,,,,,,,,,,,,,,,,,,,,,,,,,,,,,,,,,,,,,,,,,,,,,,,,,,,,,,,,,,,,,,,,,,,,,
,,,,,,,,,,,,,,,,,,,,,,,,,,,,,,,,,,,,,,,,,,,,,,,,,,,,,,,,,,,,,,,,,,,,,,,,,,,,,,,,,,,,,,,,,,,,,,,,,,,,,,,,,,,,,,,,,,,,,,,,,,,,,,,,,,,,,,,,,,,,,,,,,,,,,,,,,,,,,,,,,,,,,,,,,,,,,,,,,,,,,,,,,,,,,,,
0_4,click,0,,,,,,,,,,,,,,,,,,,,,,,,,,,,,,,,,,,,,,,,,,,,,,,,,,,,,,,,,,,,,,,,,,,,,,,,,,,,,,,,,,,,,,,,,,,,,,,,,,,,,,,,,,,,,,,,,,,,,,,,,,,,,,,,,,,,,,,,,,,,,,,,,,,,,,,,,,,,,,,,,,,,,,,,,,,,,,,,,,,,,,,,,,,,,
,cart,1,498,478,321,352,363,365,493,,,,,,,,,,,,,,,,,,,,,,,,,,,,,,,,,,,,,,,,,,,,,,,,,,,,,,,,,,,,,,,,,,,,,,,,,,,,,,,,,,,,,,,,,,,,,,,,,,,,,,,,,,,,,,,,,,,,,,,,,,,,,,,,,,,,,,,,,,,,,,,,,,,,,,,,,,,,,,,,,,,,,,,,,,,,,,,,,,,,,,
,purchase,2,48269,44801,35559,35887,56023,48359,53425,,,,,,,,,,,,,,,,,,,,,,,,,,,,,,,,,,,,,,,,,,,,,,,,,,,,,,,,,,,,,,,,,,,,,,,,,,,,,,,,,,,,,,,,,,,,,,,,,,,,,,,,,,,,,,,,,,,,,,,,,,,,,,,,,,,,,,,,,,,,,,,,,,,,,,,,,,,,,,,,,,,,,,,,,,,,,,,,,,,,,,
,favourite,3,50968,49163,42107,42019,49238,49037,52506,,,,,,,,,,,,,,,,,,,,,,,,,,,,,,,,,,,,,,,,,,,,,,,,,,,,,,,,,,,,,,,,,,,,,,,,,,,,,,,,,,,,,,,,,,,,,,,,,,,,,,,,,,,,,,,,,,,,,,,,,,,,,,,,,,,,,,,,,,,,,,,,,,,,,,,,,,,,,,,,,,,,,,,,,,,,,,,,,,,,,,
,,,,,,,,,,,,,,,,,,,,,,,,,,,,,,,,,,,,,,,,,,,,,,,,,,,,,,,,,,,,,,,,,,,,,,,,,,,,,,,,,,,,,,,,,,,,,,,,,,,,,,,,,,,,,,,,,,,,,,,,,,,,,,,,,,,,,,,,,,,,,,,,,,,,,,,,,,,,,,,,,,,,,,,,,,,,,,,,,,,,,,,,,,,,,,,
0_5,click,0,,,,,,,,,,,,,,,,,,,,,,,,,,,,,,,,,,,,,,,,,,,,,,,,,,,,,,,,,,,,,,,,,,,,,,,,,,,,,,,,,,,,,,,,,,,,,,,,,,,,,,,,,,,,,,,,,,,,,,,,,,,,,,,,,,,,,,,,,,,,,,,,,,,,,,,,,,,,,,,,,,,,,,,,,,,,,,,,,,,,,,,,,,,,,
,cart,1,314,277,187,208,255,226,279,,,,,,,,,,,,,,,,,,,,,,,,,,,,,,,,,,,,,,,,,,,,,,,,,,,,,,,,,,,,,,,,,,,,,,,,,,,,,,,,,,,,,,,,,,,,,,,,,,,,,,,,,,,,,,,,,,,,,,,,,,,,,,,,,,,,,,,,,,,,,,,,,,,,,,,,,,,,,,,,,,,,,,,,,,,,,,,,,,,,,,
,purchase,2,27357,25705,19305,19341,31868,27183,30419,,,,,,,,,,,,,,,,,,,,,,,,,,,,,,,,,,,,,,,,,,,,,,,,,,,,,,,,,,,,,,,,,,,,,,,,,,,,,,,,,,,,,,,,,,,,,,,,,,,,,,,,,,,,,,,,,,,,,,,,,,,,,,,,,,,,,,,,,,,,,,,,,,,,,,,,,,,,,,,,,,,,,,,,,,,,,,,,,,,,,,
,favourite,3,26028,24928,21531,21691,25408,24786,26205,,,,,,,,,,,,,,,,,,,,,,,,,,,,,,,,,,,,,,,,,,,,,,,,,,,,,,,,,,,,,,,,,,,,,,,,,,,,,,,,,,,,,,,,,,,,,,,,,,,,,,,,,,,,,,,,,,,,,,,,,,,,,,,,,,,,,,,,,,,,,,,,,,,,,,,,,,,,,,,,,,,,,,,,,,,,,,,,,,,,,,
,,,,,,,,,,,,,,,,,,,,,,,,,,,,,,,,,,,,,,,,,,,,,,,,,,,,,,,,,,,,,,,,,,,,,,,,,,,,,,,,,,,,,,,,,,,,,,,,,,,,,,,,,,,,,,,,,,,,,,,,,,,,,,,,,,,,,,,,,,,,,,,,,,,,,,,,,,,,,,,,,,,,,,,,,,,,,,,,,,,,,,,,,,,,,,,
0_6,click,0,,,,,,,,,,,,,,,,,,,,,,,,,,,,,,,,,,,,,,,,,,,,,,,,,,,,,,,,,,,,,,,,,,,,,,,,,,,,,,,,,,,,,,,,,,,,,,,,,,,,,,,,,,,,,,,,,,,,,,,,,,,,,,,,,,,,,,,,,,,,,,,,,,,,,,,,,,,,,,,,,,,,,,,,,,,,,,,,,,,,,,,,,,,,,
,cart,1,267,319,163,238,223,228,281,,,,,,,,,,,,,,,,,,,,,,,,,,,,,,,,,,,,,,,,,,,,,,,,,,,,,,,,,,,,,,,,,,,,,,,,,,,,,,,,,,,,,,,,,,,,,,,,,,,,,,,,,,,,,,,,,,,,,,,,,,,,,,,,,,,,,,,,,,,,,,,,,,,,,,,,,,,,,,,,,,,,,,,,,,,,,,,,,,,,,,
,purchase,2,22318,20723,16629,17202,25271,22286,24660,,,,,,,,,,,,,,,,,,,,,,,,,,,,,,,,,,,,,,,,,,,,,,,,,,,,,,,,,,,,,,,,,,,,,,,,,,,,,,,,,,,,,,,,,,,,,,,,,,,,,,,,,,,,,,,,,,,,,,,,,,,,,,,,,,,,,,,,,,,,,,,,,,,,,,,,,,,,,,,,,,,,,,,,,,,,,,,,,,,,,,
,favourite,3,24501,24346,21877,22236,24127,24294,24892,,,,,,,,,,,,,,,,,,,,,,,,,,,,,,,,,,,,,,,,,,,,,,,,,,,,,,,,,,,,,,,,,,,,,,,,,,,,,,,,,,,,,,,,,,,,,,,,,,,,,,,,,,,,,,,,,,,,,,,,,,,,,,,,,,,,,,,,,,,,,,,,,,,,,,,,,,,,,,,,,,,,,,,,,,,,,,,,,,,,,,
,,,,,,,,,,,,,,,,,,,,,,,,,,,,,,,,,,,,,,,,,,,,,,,,,,,,,,,,,,,,,,,,,,,,,,,,,,,,,,,,,,,,,,,,,,,,,,,,,,,,,,,,,,,,,,,,,,,,,,,,,,,,,,,,,,,,,,,,,,,,,,,,,,,,,,,,,,,,,,,,,,,,,,,,,,,,,,,,,,,,,,,,,,,,,,,
0_7_8,click,0,,,,,,,,,,,,,,,,,,,,,,,,,,,,,,,,,,,,,,,,,,,,,,,,,,,,,,,,,,,,,,,,,,,,,,,,,,,,,,,,,,,,,,,,,,,,,,,,,,,,,,,,,,,,,,,,,,,,,,,,,,,,,,,,,,,,,,,,,,,,,,,,,,,,,,,,,,,,,,,,,,,,,,,,,,,,,,,,,,,,,,,,,,,,,
,cart,1,68,66,36,37,38,36,53,,,,,,,,,,,,,,,,,,,,,,,,,,,,,,,,,,,,,,,,,,,,,,,,,,,,,,,,,,,,,,,,,,,,,,,,,,,,,,,,,,,,,,,,,,,,,,,,,,,,,,,,,,,,,,,,,,,,,,,,,,,,,,,,,,,,,,,,,,,,,,,,,,,,,,,,,,,,,,,,,,,,,,,,,,,,,,,,,,,,,,
,purchase,2,4046,3761,3015,3330,4425,4194,4599,,,,,,,,,,,,,,,,,,,,,,,,,,,,,,,,,,,,,,,,,,,,,,,,,,,,,,,,,,,,,,,,,,,,,,,,,,,,,,,,,,,,,,,,,,,,,,,,,,,,,,,,,,,,,,,,,,,,,,,,,,,,,,,,,,,,,,,,,,,,,,,,,,,,,,,,,,,,,,,,,,,,,,,,,,,,,,,,,,,,,,
,favourite,3,5543,5434,4894,5093,5204,5338,5383,,,,,,,,,,,,,,,,,,,,,,,,,,,,,,,,,,,,,,,,,,,,,,,,,,,,,,,,,,,,,,,,,,,,,,,,,,,,,,,,,,,,,,,,,,,,,,,,,,,,,,,,,,,,,,,,,,,,,,,,,,,,,,,,,,,,,,,,,,,,,,,,,,,,,,,,,,,,,,,,,,,,,,,,,,,,,,,,,,,,,,
,,,,,,,,,,,,,,,,,,,,,,,,,,,,,,,,,,,,,,,,,,,,,,,,,,,,,,,,,,,,,,,,,,,,,,,,,,,,,,,,,,,,,,,,,,,,,,,,,,,,,,,,,,,,,,,,,,,,,,,,,,,,,,,,,,,,,,,,,,,,,,,,,,,,,,,,,,,,,,,,,,,,,,,,,,,,,,,,,,,,,,,,,,,,,,,
1_2,click,0,,,,,,,,,,,,,,,,,,,,,,,,,,,,,,,,,,,,,,,,,,,,,,,,,,,,,,,,,,,,,,,,,,,,,,,,,,,,,,,,,,,,,,,,,,,,,,,,,,,,,,,,,,,,,,,,,,,,,,,,,,,,,,,,,,,,,,,,,,,,,,,,,,,,,,,,,,,,,,,,,,,,,,,,,,,,,,,,,,,,,,,,,,,,,
,cart,1,191,151,129,123,139,122,169,,,,,,,,,,,,,,,,,,,,,,,,,,,,,,,,,,,,,,,,,,,,,,,,,,,,,,,,,,,,,,,,,,,,,,,,,,,,,,,,,,,,,,,,,,,,,,,,,,,,,,,,,,,,,,,,,,,,,,,,,,,,,,,,,,,,,,,,,,,,,,,,,,,,,,,,,,,,,,,,,,,,,,,,,,,,,,,,,,,,,,
,purchase,2,6556,6474,6425,6870,7325,6911,7068,,,,,,,,,,,,,,,,,,,,,,,,,,,,,,,,,,,,,,,,,,,,,,,,,,,,,,,,,,,,,,,,,,,,,,,,,,,,,,,,,,,,,,,,,,,,,,,,,,,,,,,,,,,,,,,,,,,,,,,,,,,,,,,,,,,,,,,,,,,,,,,,,,,,,,,,,,,,,,,,,,,,,,,,,,,,,,,,,,,,,,
,favourite,3,6377,6461,5720,5766,5830,5831,6447,,,,,,,,,,,,,,,,,,,,,,,,,,,,,,,,,,,,,,,,,,,,,,,,,,,,,,,,,,,,,,,,,,,,,,,,,,,,,,,,,,,,,,,,,,,,,,,,,,,,,,,,,,,,,,,,,,,,,,,,,,,,,,,,,,,,,,,,,,,,,,,,,,,,,,,,,,,,,,,,,,,,,,,,,,,,,,,,,,,,,,
,,,,,,,,,,,,,,,,,,,,,,,,,,,,,,,,,,,,,,,,,,,,,,,,,,,,,,,,,,,,,,,,,,,,,,,,,,,,,,,,,,,,,,,,,,,,,,,,,,,,,,,,,,,,,,,,,,,,,,,,,,,,,,,,,,,,,,,,,,,,,,,,,,,,,,,,,,,,,,,,,,,,,,,,,,,,,,,,,,,,,,,,,,,,,,,
1_3,click,0,,,,,,,,,,,,,,,,,,,,,,,,,,,,,,,,,,,,,,,,,,,,,,,,,,,,,,,,,,,,,,,,,,,,,,,,,,,,,,,,,,,,,,,,,,,,,,,,,,,,,,,,,,,,,,,,,,,,,,,,,,,,,,,,,,,,,,,,,,,,,,,,,,,,,,,,,,,,,,,,,,,,,,,,,,,,,,,,,,,,,,,,,,,,,
,cart,1,366,382,242,251,253,246,381,,,,,,,,,,,,,,,,,,,,,,,,,,,,,,,,,,,,,,,,,,,,,,,,,,,,,,,,,,,,,,,,,,,,,,,,,,,,,,,,,,,,,,,,,,,,,,,,,,,,,,,,,,,,,,,,,,,,,,,,,,,,,,,,,,,,,,,,,,,,,,,,,,,,,,,,,,,,,,,,,,,,,,,,,,,,,,,,,,,,,,
,purchase,2,17893,16798,15002,16145,19770,18184,19667,,,,,,,,,,,,,,,,,,,,,,,,,,,,,,,,,,,,,,,,,,,,,,,,,,,,,,,,,,,,,,,,,,,,,,,,,,,,,,,,,,,,,,,,,,,,,,,,,,,,,,,,,,,,,,,,,,,,,,,,,,,,,,,,,,,,,,,,,,,,,,,,,,,,,,,,,,,,,,,,,,,,,,,,,,,,,,,,,,,,,,
,favourite,3,14891,14598,12060,12412,14522,13943,14837,,,,,,,,,,,,,,,,,,,,,,,,,,,,,,,,,,,,,,,,,,,,,,,,,,,,,,,,,,,,,,,,,,,,,,,,,,,,,,,,,,,,,,,,,,,,,,,,,,,,,,,,,,,,,,,,,,,,,,,,,,,,,,,,,,,,,,,,,,,,,,,,,,,,,,,,,,,,,,,,,,,,,,,,,,,,,,,,,,,,,,
,,,,,,,,,,,,,,,,,,,,,,,,,,,,,,,,,,,,,,,,,,,,,,,,,,,,,,,,,,,,,,,,,,,,,,,,,,,,,,,,,,,,,,,,,,,,,,,,,,,,,,,,,,,,,,,,,,,,,,,,,,,,,,,,,,,,,,,,,,,,,,,,,,,,,,,,,,,,,,,,,,,,,,,,,,,,,,,,,,,,,,,,,,,,,,,
1_4,click,0,,,,,,,,,,,,,,,,,,,,,,,,,,,,,,,,,,,,,,,,,,,,,,,,,,,,,,,,,,,,,,,,,,,,,,,,,,,,,,,,,,,,,,,,,,,,,,,,,,,,,,,,,,,,,,,,,,,,,,,,,,,,,,,,,,,,,,,,,,,,,,,,,,,,,,,,,,,,,,,,,,,,,,,,,,,,,,,,,,,,,,,,,,,,,
,cart,1,232,259,121,161,181,191,189,,,,,,,,,,,,,,,,,,,,,,,,,,,,,,,,,,,,,,,,,,,,,,,,,,,,,,,,,,,,,,,,,,,,,,,,,,,,,,,,,,,,,,,,,,,,,,,,,,,,,,,,,,,,,,,,,,,,,,,,,,,,,,,,,,,,,,,,,,,,,,,,,,,,,,,,,,,,,,,,,,,,,,,,,,,,,,,,,,,,,,
,purchase,2,17974,16308,13647,14542,20330,17502,19655,,,,,,,,,,,,,,,,,,,,,,,,,,,,,,,,,,,,,,,,,,,,,,,,,,,,,,,,,,,,,,,,,,,,,,,,,,,,,,,,,,,,,,,,,,,,,,,,,,,,,,,,,,,,,,,,,,,,,,,,,,,,,,,,,,,,,,,,,,,,,,,,,,,,,,,,,,,,,,,,,,,,,,,,,,,,,,,,,,,,,,
,favourite,3,12667,12593,10794,11140,12381,12434,13109,,,,,,,,,,,,,,,,,,,,,,,,,,,,,,,,,,,,,,,,,,,,,,,,,,,,,,,,,,,,,,,,,,,,,,,,,,,,,,,,,,,,,,,,,,,,,,,,,,,,,,,,,,,,,,,,,,,,,,,,,,,,,,,,,,,,,,,,,,,,,,,,,,,,,,,,,,,,,,,,,,,,,,,,,,,,,,,,,,,,,,
,,,,,,,,,,,,,,,,,,,,,,,,,,,,,,,,,,,,,,,,,,,,,,,,,,,,,,,,,,,,,,,,,,,,,,,,,,,,,,,,,,,,,,,,,,,,,,,,,,,,,,,,,,,,,,,,,,,,,,,,,,,,,,,,,,,,,,,,,,,,,,,,,,,,,,,,,,,,,,,,,,,,,,,,,,,,,,,,,,,,,,,,,,,,,,,
1_5,click,0,,,,,,,,,,,,,,,,,,,,,,,,,,,,,,,,,,,,,,,,,,,,,,,,,,,,,,,,,,,,,,,,,,,,,,,,,,,,,,,,,,,,,,,,,,,,,,,,,,,,,,,,,,,,,,,,,,,,,,,,,,,,,,,,,,,,,,,,,,,,,,,,,,,,,,,,,,,,,,,,,,,,,,,,,,,,,,,,,,,,,,,,,,,,,
,cart,1,129,107,89,80,101,67,96,,,,,,,,,,,,,,,,,,,,,,,,,,,,,,,,,,,,,,,,,,,,,,,,,,,,,,,,,,,,,,,,,,,,,,,,,,,,,,,,,,,,,,,,,,,,,,,,,,,,,,,,,,,,,,,,,,,,,,,,,,,,,,,,,,,,,,,,,,,,,,,,,,,,,,,,,,,,,,,,,,,,,,,,,,,,,,,,,,,,,,
,purchase,2,8144,7738,6415,6520,9588,8381,9168,,,,,,,,,,,,,,,,,,,,,,,,,,,,,,,,,,,,,,,,,,,,,,,,,,,,,,,,,,,,,,,,,,,,,,,,,,,,,,,,,,,,,,,,,,,,,,,,,,,,,,,,,,,,,,,,,,,,,,,,,,,,,,,,,,,,,,,,,,,,,,,,,,,,,,,,,,,,,,,,,,,,,,,,,,,,,,,,,,,,,,
,favourite,3,4946,5019,4047,4268,5184,4867,4958,,,,,,,,,,,,,,,,,,,,,,,,,,,,,,,,,,,,,,,,,,,,,,,,,,,,,,,,,,,,,,,,,,,,,,,,,,,,,,,,,,,,,,,,,,,,,,,,,,,,,,,,,,,,,,,,,,,,,,,,,,,,,,,,,,,,,,,,,,,,,,,,,,,,,,,,,,,,,,,,,,,,,,,,,,,,,,,,,,,,,,
,,,,,,,,,,,,,,,,,,,,,,,,,,,,,,,,,,,,,,,,,,,,,,,,,,,,,,,,,,,,,,,,,,,,,,,,,,,,,,,,,,,,,,,,,,,,,,,,,,,,,,,,,,,,,,,,,,,,,,,,,,,,,,,,,,,,,,,,,,,,,,,,,,,,,,,,,,,,,,,,,,,,,,,,,,,,,,,,,,,,,,,,,,,,,,,
1_6,click,0,,,,,,,,,,,,,,,,,,,,,,,,,,,,,,,,,,,,,,,,,,,,,,,,,,,,,,,,,,,,,,,,,,,,,,,,,,,,,,,,,,,,,,,,,,,,,,,,,,,,,,,,,,,,,,,,,,,,,,,,,,,,,,,,,,,,,,,,,,,,,,,,,,,,,,,,,,,,,,,,,,,,,,,,,,,,,,,,,,,,,,,,,,,,,
,cart,1,103,110,67,82,83,123,115,,,,,,,,,,,,,,,,,,,,,,,,,,,,,,,,,,,,,,,,,,,,,,,,,,,,,,,,,,,,,,,,,,,,,,,,,,,,,,,,,,,,,,,,,,,,,,,,,,,,,,,,,,,,,,,,,,,,,,,,,,,,,,,,,,,,,,,,,,,,,,,,,,,,,,,,,,,,,,,,,,,,,,,,,,,,,,,,,,,,,,
,purchase,2,5874,5816,4912,5318,6632,5924,6684,,,,,,,,,,,,,,,,,,,,,,,,,,,,,,,,,,,,,,,,,,,,,,,,,,,,,,,,,,,,,,,,,,,,,,,,,,,,,,,,,,,,,,,,,,,,,,,,,,,,,,,,,,,,,,,,,,,,,,,,,,,,,,,,,,,,,,,,,,,,,,,,,,,,,,,,,,,,,,,,,,,,,,,,,,,,,,,,,,,,,,
,favourite,3,3876,3734,3229,3281,3521,3771,3797,,,,,,,,,,,,,,,,,,,,,,,,,,,,,,,,,,,,,,,,,,,,,,,,,,,,,,,,,,,,,,,,,,,,,,,,,,,,,,,,,,,,,,,,,,,,,,,,,,,,,,,,,,,,,,,,,,,,,,,,,,,,,,,,,,,,,,,,,,,,,,,,,,,,,,,,,,,,,,,,,,,,,,,,,,,,,,,,,,,,,,
,,,,,,,,,,,,,,,,,,,,,,,,,,,,,,,,,,,,,,,,,,,,,,,,,,,,,,,,,,,,,,,,,,,,,,,,,,,,,,,,,,,,,,,,,,,,,,,,,,,,,,,,,,,,,,,,,,,,,,,,,,,,,,,,,,,,,,,,,,,,,,,,,,,,,,,,,,,,,,,,,,,,,,,,,,,,,,,,,,,,,,,,,,,,,,,
1_7_8,click,0,,,,,,,,,,,,,,,,,,,,,,,,,,,,,,,,,,,,,,,,,,,,,,,,,,,,,,,,,,,,,,,,,,,,,,,,,,,,,,,,,,,,,,,,,,,,,,,,,,,,,,,,,,,,,,,,,,,,,,,,,,,,,,,,,,,,,,,,,,,,,,,,,,,,,,,,,,,,,,,,,,,,,,,,,,,,,,,,,,,,,,,,,,,,,
,cart,1,13,29,10,17,18,12,22,,,,,,,,,,,,,,,,,,,,,,,,,,,,,,,,,,,,,,,,,,,,,,,,,,,,,,,,,,,,,,,,,,,,,,,,,,,,,,,,,,,,,,,,,,,,,,,,,,,,,,,,,,,,,,,,,,,,,,,,,,,,,,,,,,,,,,,,,,,,,,,,,,,,,,,,,,,,,,,,,,,,,,,,,,,,,,,,,,,,,,
,purchase,2,1494,1383,1241,1233,1564,1415,1442,,,,,,,,,,,,,,,,,,,,,,,,,,,,,,,,,,,,,,,,,,,,,,,,,,,,,,,,,,,,,,,,,,,,,,,,,,,,,,,,,,,,,,,,,,,,,,,,,,,,,,,,,,,,,,,,,,,,,,,,,,,,,,,,,,,,,,,,,,,,,,,,,,,,,,,,,,,,,,,,,,,,,,,,,,,,,,,,,,,,,,
,favourite,3,1089,1112,875,1070,1114,1020,1032,,,,,,,,,,,,,,,,,,,,,,,,,,,,,,,,,,,,,,,,,,,,,,,,,,,,,,,,,,,,,,,,,,,,,,,,,,,,,,,,,,,,,,,,,,,,,,,,,,,,,,,,,,,,,,,,,,,,,,,,,,,,,,,,,,,,,,,,,,,,,,,,,,,,,,,,,,,,,,,,,,,,,,,,,,,,,,,,,,,,,,